source_id,target_id,weight
1,2,28.0
1,3,15.524174696260024
3,8,15.0
2,9,15.297058540778355
4,11,15.0
6,12,15.524174696260024
5,13,18.027756377319946
8,10,17.72004514666935
7,19,15.231546211727817
10,11,10.198039027185569
9,13,17.88854381999832
14,15,15.0
15,16,15.0
16,21,16.1245154965971
17,27,16.15549442140351
11,12,22.20360331117452
17,18,16.0312195418814
18,21,28.0178514522438
23,24,15.0
24,25,15.0
25,26,10.0
14,26,15.811388300841896
12,30,15.132745950421556
13,35,22.80350850198276
22,33,15.811388300841896
20,34,16.278820596099706
22,28,19.313207915827967
26,31,12.041594578792296
27,32,15.556349186104045
19,29,21.93171219946131
28,29,17.029386365926403
30,37,15.0
33,36,15.556349186104045
31,38,15.0
32,39,15.811388300841896
34,40,15.132745950421556
35,41,18.601075237738275
36,44,15.264337522473747
37,47,15.0
42,43,15.0
39,46,10.0
38,48,13.0
42,45,16.15549442140351
40,43,18.24828759089466
40,59,15.811388300841896
41,55,17.204650534085253
44,61,20.615528128088304
50,51,15.0
51,52,15.0
52,53,15.0
49,53,20.024984394500787
46,54,24.331050121192877
45,47,24.186773244895647
56,57,15.0
57,58,15.0
48,58,14.142135623730951
48,50,19.026297590440446
47,61,10.295630140987
46,65,18.110770276274835
55,62,12.206555615733702
50,67,15.033296378372908
59,64,15.0
60,68,16.278820596099706
62,66,22.360679774997898
54,77,26.248809496813376
61,80,23.021728866442675
62,78,15.132745950421556
63,71,10.198039027185569
68,70,11.313708498984761
64,81,15.811388300841896
65,79,12.0
67,72,15.620499351813308
72,73,15.0
73,74,15.0
74,75,15.0
75,76,15.0
76,77,15.0
70,83,15.652475842498529
71,88,24.698178070456937
69,79,33.24154027718932
80,89,11.0
81,85,15.231546211727817
79,91,14.0
81,92,15.033296378372908
83,86,15.524174696260024
85,87,15.132745950421556
86,89,25.179356624028344
82,96,17.46424919657298
87,90,15.297058540778355
84,97,15.132745950421556
88,89,15.033296378372908
93,99,20.615528128088304
88,98,15.652475842498529
91,104,11.40175425099138
94,95,15.0
89,107,18.439088914585774
94,106,11.313708498984761
92,110,15.132745950421556
99,100,15.0
100,101,15.0
101,102,15.0
102,103,15.0
103,105,15.033296378372908
104,106,13.038404810405298
97,114,14.560219778561036
95,111,19.1049731745428
108,109,15.0
107,109,12.041594578792296
96,118,26.68332812825267
105,112,15.264337522473747
98,113,16.278820596099706
104,112,20.12461179749811
107,115,10.0
108,117,15.556349186104045
110,119,15.297058540778355
114,116,15.524174696260024
113,114,16.0
106,131,29.068883707497267
114,123,16.15549442140351
117,120,15.231546211727817
118,122,17.72004514666935
115,128,15.033296378372908
118,130,10.198039027185569
121,124,15.132745950421556
121,125,15.297058540778355
122,132,15.231546211727817
124,130,15.297058540778355
127,133,15.524174696260024
125,135,15.0
120,133,24.596747752497688
132,134,24.515301344262525
129,136,12.806248474865697
132,141,15.231546211727817
126,143,17.029386365926403
128,140,15.297058540778355
131,144,15.0
130,145,20.0
135,139,15.231546211727817
137,142,15.524174696260024
138,146,15.231546211727817
135,155,20.12461179749811
136,163,22.47220505424423
139,161,15.264337522473747
140,160,16.278820596099706
143,158,10.04987562112089
144,162,11.0
142,157,15.620499351813308
145,156,15.0
147,166,15.264337522473747
148,165,10.198039027185569
146,159,16.1245154965971
140,154,20.591260281974
149,150,15.0
150,151,15.0
151,152,15.0
152,153,15.0
153,154,15.0
157,158,17.0
158,159,16.0
149,162,27.073972741361768
161,167,12.041594578792296
163,167,11.313708498984761
155,168,15.0
154,172,15.033296378372908
158,173,17.029386365926403
160,170,15.264337522473747
164,165,10.0
166,171,11.313708498984761
162,176,19.0
165,174,15.033296378372908
170,171,21.0
171,177,10.63014581273465
167,183,19.1049731745428
169,186,14.0
173,175,21.095023109728988
171,192,17.08800749063506
167,179,21.095023109728988
168,187,18.027756377319946
177,178,15.0
178,179,10.0
173,189,10.0
176,180,15.033296378372908
180,190,15.652475842498529
175,188,11.313708498984761
172,185,15.556349186104045
174,191,10.44030650891055
184,185,15.0
179,194,12.041594578792296
176,195,15.033296378372908
181,197,13.152946437965905
182,202,19.235384061671343
184,198,15.556349186104045
183,200,15.652475842498529
187,196,15.0
190,201,15.556349186104045
188,193,17.26267650163207
191,203,14.7648230602334
189,208,18.0
192,205,15.0
186,203,27.202941017470888
194,211,15.297058540778355
200,209,10.295630140987
195,216,15.0
196,215,17.204650534085253
199,206,23.40939982143925
203,206,11.40175425099138
195,204,22.135943621178654
198,217,15.297058540778355
197,212,15.620499351813308
198,201,26.1725046566048
203,207,14.317821063276353
202,218,13.0
207,210,16.1245154965971
197,218,27.018512172212592
201,220,18.35755975068582
210,213,10.198039027185569
208,212,15.297058540778355
204,218,18.601075237738275
205,221,15.0
209,224,20.808652046684813
211,222,13.038404810405298
209,223,14.422205101855956
206,227,20.0
208,229,20.0
214,226,15.524174696260024
215,230,17.88854381999832
216,233,17.0
219,232,15.0
220,235,15.811388300841896
224,238,15.524174696260024
228,237,15.231546211727817
223,226,18.973665961010276
229,231,21.02379604162864
229,234,10.44030650891055
231,240,11.313708498984761
225,236,12.041594578792296
225,239,17.029386365926403
230,242,15.231546211727817
225,248,20.024984394500787
229,246,17.0
233,241,12.0
232,245,15.0
237,243,12.727922061357855
227,247,25.45584412271571
227,260,26.570660511172846
240,243,10.0
239,255,16.64331697709324
238,257,15.0
241,244,23.021728866442675
243,258,12.727922061357855
244,263,15.556349186104045
242,253,10.0
245,256,15.652475842498529
245,251,13.601470508735444
252,264,15.231546211727817
242,271,24.08318915758459
246,265,10.0
249,270,14.7648230602334
254,259,15.132745950421556
258,262,13.038404810405298
241,276,25.0
255,267,15.652475842498529
255,268,10.63014581273465
257,259,25.019992006393608
256,273,15.556349186104045
250,270,18.439088914585774
257,274,15.556349186104045
260,271,17.88854381999832
264,277,15.264337522473747
261,279,16.15549442140351
263,272,20.248456731316587
269,279,12.727922061357855
266,281,15.524174696260024
267,278,17.204650534085253
257,288,27.202941017470888
267,285,18.384776310850235
270,284,15.524174696260024
274,280,22.47220505424423
268,283,23.345235059857504
271,282,17.029386365926403
265,295,28.0
275,290,15.811388300841896
278,286,15.811388300841896
279,291,11.180339887498949
277,292,15.0
277,293,15.811388300841896
280,289,10.63014581273465
273,297,27.730849247724095
281,287,15.231546211727817
282,289,13.601470508735444
283,291,16.76305461424021
276,303,26.0
287,294,12.083045973594572
286,296,15.0
289,299,10.770329614269007
291,300,10.295630140987
290,292,26.019223662515376
288,298,15.620499351813308
285,307,21.02379604162864
294,302,16.15549442140351
284,309,25.632011235952593
293,306,15.297058540778355
295,308,15.0
294,310,16.0
301,305,15.231546211727817
296,316,19.4164878389476
300,313,16.401219466856727
297,317,15.0
299,318,15.0
304,307,20.09975124224178
303,319,10.04987562112089
307,311,14.317821063276353
305,333,15.620499351813308
311,312,10.198039027185569
314,315,10.0
316,332,11.180339887498949
307,337,16.492422502470642
313,335,19.4164878389476
319,320,13.0
320,321,15.0
309,321,15.811388300841896
309,339,15.231546211727817
317,339,15.620499351813308
317,322,11.045361017187261
322,323,10.0
323,324,20.0
325,326,15.0
306,326,19.697715603592208
306,327,15.264337522473747
327,334,15.033296378372908
310,334,27.65863337187866
310,328,14.866068747318506
328,329,16.0
329,330,15.0
330,331,15.0
318,331,16.0312195418814
318,332,24.020824298928627
308,333,19.924858845171276
324,325,28.0
315,338,11.045361017187261
318,340,10.770329614269007
308,344,19.0
315,343,19.1049731745428
326,345,15.231546211727817
319,341,10.0
316,342,20.808652046684813
323,346,15.0
325,347,16.15549442140351
328,348,15.033296378372908
313,352,20.09975124224178
334,349,15.0
341,343,23.021728866442675
336,351,10.198039027185569
339,357,15.524174696260024
340,358,15.0
342,359,15.231546211727817
344,360,11.704699910719626
338,365,21.0
341,371,21.0
353,354,15.0
345,364,16.15549442140351
348,367,15.297058540778355
351,363,10.04987562112089
354,362,15.231546211727817
346,356,17.46424919657298
346,355,18.027756377319946
349,366,15.652475842498529
353,361,10.816653826391969
360,362,10.04987562112089
350,387,25.495097567963924
363,369,17.26267650163207
358,376,15.0
368,372,15.132745950421556
363,368,10.44030650891055
360,375,15.231546211727817
357,379,18.35755975068582
365,373,10.63014581273465
364,380,11.704699910719626
359,390,21.840329667841555
372,382,15.264337522473747
370,378,12.727922061357855
366,388,15.033296378372908
367,389,15.0
368,397,21.095023109728988
374,377,14.142135623730951
375,378,13.038404810405298
376,381,19.026297590440446
377,387,13.152946437965905
379,383,14.035668847618199
383,384,15.0
385,386,15.0
380,386,14.035668847618199
376,391,27.202941017470888
375,396,12.165525060596439
384,392,15.264337522473747
376,401,15.297058540778355
382,400,17.69180601295413
387,398,10.44030650891055
371,412,32.0
385,395,15.811388300841896
394,398,15.132745950421556
380,408,22.47220505424423
390,400,10.63014581273465
388,404,13.038404810405298
394,399,15.132745950421556
389,406,15.0
400,407,13.038404810405298
402,416,15.556349186104045
402,403,15.033296378372908
393,413,14.142135623730951
398,409,10.44030650891055
396,414,13.0
400,405,10.295630140987
403,418,11.40175425099138
401,423,15.033296378372908
405,415,15.231546211727817
411,417,15.297058540778355
410,413,18.027756377319946
412,419,27.294688127912362
406,425,15.0
413,421,12.083045973594572
411,414,24.020824298928627
417,419,15.033296378372908
407,427,15.231546211727817
408,424,12.529964086141668
415,429,15.556349186104045
414,422,12.083045973594572
424,426,12.041594578792296
409,430,18.601075237738275
413,433,15.524174696260024
414,437,18.439088914585774
428,434,17.46424919657298
418,436,15.297058540778355
421,430,20.615528128088304
420,435,14.142135623730951
422,436,19.849433241279208
419,445,20.223748416156685
431,438,15.811388300841896
427,432,15.297058540778355
427,443,11.0
432,442,18.788294228055936
430,444,10.295630140987
428,440,18.35755975068582
429,446,16.278820596099706
434,438,15.297058540778355
429,450,15.264337522473747
435,447,14.317821063276353
440,449,22.360679774997898
435,451,12.206555615733702
436,453,10.0
441,443,16.0312195418814
437,460,15.297058540778355
445,448,15.033296378372908
448,454,15.524174696260024
440,458,11.704699910719626
444,463,19.1049731745428
444,456,10.0
443,459,10.0
438,466,19.4164878389476
445,461,10.0
449,455,10.770329614269007
439,472,21.213203435596427
446,465,16.401219466856727
451,464,15.620499351813308
450,469,15.231546211727817
452,471,14.317821063276353
453,462,15.231546211727817
456,464,27.459060435491963
458,476,16.15549442140351
459,477,15.0
463,475,19.697715603592208
462,470,11.180339887498949
460,467,13.0
468,474,12.36931687685298
465,475,10.816653826391969
457,486,23.345235059857504
461,480,19.0
464,491,25.079872407968907
469,483,18.601075237738275
473,489,17.0
471,487,15.524174696260024
472,488,15.524174696260024
469,478,20.591260281974
466,481,22.67156809750927
475,499,23.706539182259394
476,481,18.027756377319946
474,503,24.0
477,496,15.033296378372908
475,498,24.186773244895647
476,492,15.0
479,490,14.7648230602334
482,485,11.045361017187261
485,486,12.0
481,497,11.045361017187261
486,493,24.515301344262525
480,501,12.0
486,502,11.40175425099138
490,492,15.132745950421556
484,500,10.44030650891055
483,504,15.231546211727817
487,506,15.033296378372908
488,507,15.0
495,505,18.384776310850235
489,517,19.026297590440446
500,510,18.788294228055936
498,513,11.180339887498949
499,510,12.041594578792296
494,520,17.26267650163207
496,505,15.652475842498529
497,518,14.0
503,519,12.0
501,508,16.55294535724685
508,509,15.0
501,536,18.0
504,532,13.92838827718412
502,539,18.439088914585774
512,514,15.033296378372908
496,541,27.0
511,513,12.041594578792296
507,531,10.0
509,516,15.524174696260024
512,540,15.620499351813308
522,523,15.0
518,524,15.132745950421556
510,543,18.788294228055936
515,533,11.661903789690601
516,521,15.524174696260024
517,521,16.492422502470642
517,522,23.345235059857504
518,523,13.152946437965905
524,525,14.0
525,526,15.0
526,527,27.0
506,527,15.0
506,528,15.811388300841896
519,528,21.095023109728988
519,529,12.165525060596439
513,542,18.027756377319946
515,549,27.80287754891569
529,537,15.297058540778355
537,538,15.0
536,540,22.02271554554524
529,552,15.811388300841896
520,534,19.4164878389476
526,558,21.540659228538015
520,545,15.0
531,538,20.09975124224178
539,549,12.041594578792296
535,550,10.04987562112089
527,554,17.0
541,548,25.179356624028344
531,546,19.4164878389476
536,553,14.0
524,559,22.02271554554524
530,562,23.345235059857504
546,547,15.0
547,548,15.0
542,551,18.439088914585774
520,572,30.265491900843113
545,555,15.652475842498529
544,557,10.04987562112089
542,565,15.132745950421556
541,567,17.029386365926403
543,563,15.231546211727817
543,566,20.615528128088304
553,556,19.026297590440446
549,564,17.029386365926403
553,568,10.0
560,561,11.0
552,573,15.231546211727817
549,574,22.02271554554524
550,575,21.400934559032695
558,570,10.0
554,578,15.231546211727817
555,564,12.529964086141668
561,573,15.652475842498529
562,571,12.083045973594572
557,582,14.142135623730951
562,579,21.93171219946131
569,587,21.470910553583888
564,585,19.209372712298546
564,581,10.770329614269007
559,588,16.15549442140351
563,593,15.231546211727817
575,576,15.0
576,595,10.0
576,577,19.0
567,596,12.165525060596439
568,598,12.0
567,579,15.231546211727817
580,584,15.132745950421556
573,601,11.180339887498949
566,604,23.600847442411894
574,582,22.360679774997898
577,586,15.231546211727817
583,598,15.524174696260024
583,584,15.0
582,594,18.439088914585774
582,603,10.295630140987
589,601,24.186773244895647
589,590,15.0
590,591,15.0
591,592,15.0
592,599,15.132745950421556
586,597,15.297058540778355
599,600,15.0
596,600,24.020824298928627
585,605,15.0
597,598,15.0
580,616,23.706539182259394
601,602,22.02271554554524
587,606,10.0
595,608,10.04987562112089
596,609,10.198039027185569
581,621,21.587033144922902
593,612,18.601075237738275
593,607,12.206555615733702
598,622,17.0
603,614,10.198039027185569
605,613,15.264337522473747
609,610,16.0312195418814
604,613,13.601470508735444
601,630,23.53720459187964
610,625,15.620499351813308
611,612,21.02379604162864
606,617,21.18962010041709
618,623,23.08679276123039
618,619,15.0
619,620,12.0
606,637,18.0
609,635,16.0
613,628,10.04987562112089
615,631,11.180339887498949
608,645,20.0
622,624,24.020824298928627
612,641,15.231546211727817
616,633,10.04987562112089
621,636,10.44030650891055
623,630,10.63014581273465
627,648,16.1245154965971
626,636,18.439088914585774
624,629,19.924858845171276
632,649,15.231546211727817
625,643,16.1245154965971
636,642,24.08318915758459
624,653,18.439088914585774
622,661,21.0
638,639,11.045361017187261
634,658,22.47220505424423
631,652,10.44030650891055
633,648,20.615528128088304
630,654,12.041594578792296
625,670,24.186773244895647
628,651,16.401219466856727
628,666,20.0
636,664,13.152946437965905
629,645,15.811388300841896
637,665,13.0
640,662,14.212670403551895
635,668,15.0
647,652,17.72004514666935
644,663,11.661903789690601
648,667,11.180339887498949
643,659,15.0
644,651,10.295630140987
649,671,15.556349186104045
650,669,11.661903789690601
639,676,19.026297590440446
652,660,26.1725046566048
654,657,24.020824298928627
657,658,15.0
655,663,14.142135623730951
645,679,23.853720883753127
652,674,10.04987562112089
653,675,10.0
665,672,22.20360331117452
654,677,10.04987562112089
659,673,15.231546211727817
646,691,29.120439557122072
662,681,15.0
663,685,14.0
666,680,10.44030650891055
668,683,11.0
656,689,19.313207915827967
671,679,10.63014581273465
661,687,16.0
669,684,11.180339887498949
662,688,21.93171219946131
665,690,18.0
667,694,18.0
676,695,12.0
680,693,13.601470508735444
674,699,16.278820596099706
677,700,15.0
681,683,24.020824298928627
679,697,10.0
678,701,17.26267650163207
680,698,16.401219466856727
683,705,13.0
686,702,12.083045973594572
692,698,10.198039027185569
682,711,16.76305461424021
687,703,10.0
684,708,14.0
692,707,16.1245154965971
689,709,12.041594578792296
696,709,21.540659228538015
694,712,10.816653826391969
690,713,10.198039027185569
695,706,16.55294535724685
697,717,10.0
691,721,15.652475842498529
698,718,10.44030650891055
699,716,10.0
694,704,15.231546211727817
693,728,17.88854381999832
700,722,10.04987562112089
709,710,13.0
701,726,10.63014581273465
713,714,15.0
708,714,13.038404810405298
702,729,10.770329614269007
713,715,15.033296378372908
705,731,10.0
710,720,10.770329614269007
711,716,16.1245154965971
703,732,14.7648230602334
708,750,29.0
712,730,13.038404810405298
722,723,15.0
723,724,15.0
724,725,15.0
706,739,16.0312195418814
709,742,15.297058540778355
717,736,10.0
731,733,26.1725046566048
718,741,13.892443989449804
720,738,12.206555615733702
708,760,21.0
722,740,10.198039027185569
726,747,22.80350850198276
726,737,18.788294228055936
716,738,20.808652046684813
716,748,23.345235059857504
721,745,14.0
719,754,21.93171219946131
728,757,18.384776310850235
729,744,10.770329614269007
734,735,15.0
732,735,16.0312195418814
731,746,11.0
727,759,14.142135623730951
728,756,16.401219466856727
732,749,10.816653826391969
734,761,15.620499351813308
738,758,10.0
733,763,15.0
736,762,10.04987562112089
743,750,15.297058540778355
740,766,10.770329614269007
738,764,11.40175425099138
739,751,15.811388300841896
741,767,15.620499351813308
739,743,20.09975124224178
751,752,15.0
745,752,16.0312195418814
745,753,10.04987562112089
740,753,16.76305461424021
746,754,20.024984394500787
739,772,16.492422502470642
744,769,10.770329614269007
757,770,10.0
748,759,21.02379604162864
759,765,10.770329614269007
755,773,11.0
765,768,10.198039027185569
753,778,15.033296378372908
767,773,10.816653826391969
758,777,15.231546211727817
762,776,11.0
747,780,19.026297590440446
756,779,18.027756377319946
764,774,15.0
759,781,19.313207915827967
746,783,20.0
760,784,24.20743687382041
771,775,13.601470508735444
749,788,23.021728866442675
761,776,23.323807579381203
766,782,15.231546211727817
769,786,13.92838827718412
774,785,16.1245154965971
775,793,15.556349186104045
772,795,15.811388300841896
770,785,20.808652046684813
776,797,17.69180601295413
783,790,24.331050121192877
779,787,23.53720459187964
777,803,14.0
779,796,15.0
785,808,15.620499351813308
786,793,12.36931687685298
784,801,11.40175425099138
782,805,14.142135623730951
791,794,14.142135623730951
783,817,16.278820596099706
794,796,10.04987562112089
788,811,10.0
789,812,10.44030650891055
789,798,17.46424919657298
798,799,15.0
799,800,15.0
800,801,15.0
780,821,20.0
793,813,14.866068747318506
790,818,15.0
795,815,10.63014581273465
805,806,17.029386365926403
802,809,11.180339887498949
796,819,11.180339887498949
797,820,15.556349186104045
803,810,12.649110640673518
786,832,26.0
785,835,27.51363298439521
803,809,15.132745950421556
805,822,14.142135623730951
810,816,10.198039027185569
792,825,21.93171219946131
813,825,12.529964086141668
801,814,22.135943621178654
808,827,15.620499351813308
803,831,17.08800749063506
807,823,12.727922061357855
807,824,22.847319317591726
812,830,14.142135623730951
811,833,12.0
821,823,24.020824298928627
822,826,15.033296378372908
817,839,15.0
819,836,10.198039027185569
804,847,29.427877939124322
825,837,12.727922061357855
828,843,20.518284528683193
821,840,13.038404810405298
825,838,18.867962264113206
822,844,19.313207915827967
827,841,16.278820596099706
829,842,10.44030650891055
833,834,15.033296378372908
830,834,15.297058540778355
820,850,27.80287754891569
832,849,15.524174696260024
833,855,18.0
838,848,15.0
835,846,15.556349186104045
842,853,24.166091947189145
839,856,15.297058540778355
835,852,20.518284528683193
842,864,23.345235059857504
840,859,16.0
841,860,17.08800749063506
846,851,15.524174696260024
847,858,10.0
844,862,11.0
843,866,14.035668847618199
845,863,11.40175425099138
848,861,14.212670403551895
853,878,15.811388300841896
850,857,16.15549442140351
855,857,15.297058540778355
859,881,21.37755832643195
854,894,12.041594578792296
849,898,20.024984394500787
855,865,17.08800749063506
867,879,15.033296378372908
858,867,14.560219778561036
858,868,16.492422502470642
868,869,13.0
862,869,13.152946437965905
862,870,19.1049731745428
870,871,17.0
871,872,15.0
866,872,19.026297590440446
866,880,25.079872407968907
856,880,23.769728648009426
856,873,15.811388300841896
873,874,15.0
859,875,24.186773244895647
875,876,15.0
876,877,15.0
863,877,15.132745950421556
893,894,15.0
856,901,15.0
863,882,23.194827009486403
860,895,10.04987562112089
861,896,15.556349186104045
883,884,15.0
884,885,15.0
885,886,16.0
886,887,15.0
887,888,15.0
888,889,10.0
889,890,21.0
890,891,12.0
874,881,15.033296378372908
864,896,14.142135623730951
865,892,15.524174696260024
883,892,15.033296378372908
879,891,24.020824298928627
858,909,19.4164878389476
866,907,14.560219778561036
863,908,15.297058540778355
882,895,19.924858845171276
878,897,15.0
869,906,13.038404810405298
870,905,12.0
855,927,35.014282800023196
883,912,16.0312195418814
880,917,19.924858845171276
893,915,19.209372712298546
899,900,15.0
900,902,15.033296378372908
885,918,19.026297590440446
889,916,18.027756377319946
902,904,20.024984394500787
896,914,10.04987562112089
881,928,27.459060435491963
895,919,14.560219778561036
897,920,15.652475842498529
911,913,15.033296378372908
901,922,15.0
903,920,13.892443989449804
898,930,19.924858845171276
906,923,13.0
905,925,15.524174696260024
904,910,20.396078054371138
907,926,15.652475842498529
910,932,13.92838827718412
914,935,11.180339887498949
913,919,23.194827009486403
914,921,12.529964086141668
935,936,11.0
909,933,15.652475842498529
915,938,10.44030650891055
912,939,15.231546211727817
916,940,15.0
921,929,15.524174696260024
919,944,13.0
918,947,18.027756377319946
920,951,15.033296378372908
929,942,15.524174696260024
936,937,24.0
937,938,10.0
925,948,15.556349186104045
926,949,15.556349186104045
922,955,15.0
924,952,14.422205101855956
934,950,10.816653826391969
935,946,10.0
933,943,12.083045973594572
942,954,13.038404810405298
931,956,17.029386365926403
928,957,15.132745950421556
940,945,18.24828759089466
941,944,23.08679276123039
938,959,15.033296378372908
927,961,19.4164878389476
930,963,20.8806130178211
941,960,16.1245154965971
944,953,10.295630140987
953,958,15.524174696260024
932,967,26.0
936,969,27.784887978899608
944,965,17.0
948,964,15.556349186104045
949,964,15.556349186104045
950,960,15.264337522473747
951,968,15.0
952,966,16.1245154965971
955,972,15.0
956,970,16.278820596099706
957,971,15.556349186104045
962,975,24.596747752497688
958,973,15.811388300841896
961,974,15.556349186104045
960,980,15.132745950421556
963,976,16.278820596099706
964,979,15.556349186104045
966,984,15.556349186104045
967,985,15.556349186104045
965,990,15.0
964,975,20.12461179749811
971,988,15.556349186104045
969,989,12.0
970,984,16.401219466856727
977,983,22.20360331117452
977,978,15.0
978,979,14.0
972,993,15.0
968,994,19.0
974,991,15.556349186104045
975,992,15.556349186104045
981,982,18.0
982,983,15.0
986,987,15.0
976,987,15.811388300841896
981,1001,15.620499351813308
979,1006,16.15549442140351
988,1002,15.264337522473747
986,989,23.021728866442675
985,1005,15.556349186104045
984,1003,16.401219466856727
988,1011,19.849433241279208
984,1015,20.12461179749811
989,1017,17.0
991,1010,15.556349186104045
995,996,16.0
996,997,15.0
997,998,10.0
998,999,20.0
999,1000,16.0
992,1008,15.620499351813308
990,1021,19.0
993,1020,15.0
1002,1014,11.313708498984761
994,1016,10.0
995,1018,10.04987562112089
1004,1019,11.045361017187261
1003,1022,15.620499351813308
1005,1022,12.083045973594572
998,1026,14.035668847618199
1004,1008,16.76305461424021
1007,1023,10.04987562112089
1006,1030,13.0
1012,1013,15.0
1009,1013,15.033296378372908
1000,1036,21.02379604162864
1010,1029,11.313708498984761
1012,1031,10.198039027185569
1011,1032,15.556349186104045
1009,1034,14.317821063276353
1021,1024,18.027756377319946
1025,1027,15.033296378372908
1025,1028,15.033296378372908
1014,1045,18.439088914585774
1021,1038,10.0
1022,1039,10.198039027185569
1020,1043,13.0
1015,1040,26.40075756488817
1017,1048,20.0
1033,1039,17.46424919657298
1029,1033,14.560219778561036
1016,1053,22.0
1028,1040,15.620499351813308
1030,1044,17.804493814764857
1030,1047,17.029386365926403
1024,1050,22.67156809750927
1037,1046,15.231546211727817
1037,1038,10.04987562112089
1023,1055,20.09975124224178
1029,1054,17.72004514666935
1018,1062,29.0
1032,1052,15.264337522473747
1041,1044,29.017236257093817
1031,1057,16.0
1042,1043,19.0
1026,1070,29.0
1041,1051,18.027756377319946
1042,1059,18.867962264113206
1034,1063,19.0
1036,1064,19.0
1049,1051,24.020824298928627
1035,1067,21.02379604162864
1039,1061,22.627416997969522
1038,1068,20.024984394500787
1049,1060,17.08800749063506
1043,1065,16.1245154965971
1045,1066,19.209372712298546
1046,1056,15.231546211727817
1044,1071,17.0
1047,1072,15.0
1058,1059,17.0
1048,1073,15.0
1054,1069,16.278820596099706
1055,1074,17.69180601295413
1053,1077,23.40939982143925
1057,1082,21.0
1062,1078,15.0
1061,1083,22.627416997969522
1064,1080,14.0
1063,1089,16.0
1069,1076,15.620499351813308
1070,1079,11.0
1065,1090,15.811388300841896
1066,1091,15.0
1067,1092,15.0
1074,1081,11.313708498984761
1071,1093,15.033296378372908
1073,1094,15.0
1076,1084,15.132745950421556
1084,1085,15.0
1085,1086,15.0
1078,1086,15.033296378372908
1078,1087,15.033296378372908
1079,1087,24.020824298928627
1079,1088,24.020824298928627
1080,1088,14.035668847618199
1080,1081,20.0
1075,1096,21.213203435596427
1081,1095,13.45362404707371
1077,1082,28.0178514522438
1082,1089,29.017236257093817
1091,1099,13.0
1077,1125,18.439088914585774
1083,1103,22.627416997969522
1093,1098,10.44030650891055
1090,1100,14.0
1092,1127,15.0
1089,1133,24.698178070456937
1094,1126,12.041594578792296
1095,1097,17.46424919657298
1096,1097,11.045361017187261
1096,1128,19.6468827043885
1098,1129,12.649110640673518
1101,1102,15.0
1102,1103,14.0
1098,1104,11.40175425099138
1104,1105,15.0
1105,1106,15.0
1106,1107,15.0
1107,1108,15.0
1108,1109,15.0
1100,1109,19.026297590440446
1100,1110,11.045361017187261
1110,1111,15.0
1111,1112,15.0
1112,1113,15.0
1099,1113,16.1245154965971
1099,1114,19.1049731745428
1114,1115,15.0
1115,1116,15.0
1116,1117,15.0
1117,1118,15.0
1118,1119,15.0
1119,1120,15.0
1120,1121,15.0
1121,1122,15.0
1122,1123,15.0
1123,1124,15.0
1124,1125,15.0
1101,1134,10.63014581273465
1128,1130,15.132745950421556
1129,1132,15.132745950421556
1130,1131,15.0
1131,1132,15.0
1127,1135,10.0
1103,1138,15.652475842498529
1133,1136,15.231546211727817
1136,1137,15.0
1135,1137,15.033296378372908
1134,1139,13.0
1138,1140,16.278820596099706
1142,1163,15.556349186104045
1143,1164,11.180339887498949
1151,1159,16.492422502470642
1141,1183,25.179356624028344
1152,1155,13.152946437965905
1150,1156,11.40175425099138
1145,1173,13.038404810405298
1147,1172,10.44030650891055
1146,1177,15.652475842498529
1153,1182,15.811388300841896
1153,1158,15.297058540778355
1154,1171,10.0
1151,1189,18.681541692269406
1152,1181,15.132745950421556
1148,1184,17.26267650163207
1149,1185,17.0
1156,1179,11.704699910719626
1166,1168,15.033296378372908
1166,1167,21.02379604162864
1168,1169,15.0
1157,1169,26.476404589747453
1170,1172,16.0312195418814
1164,1170,18.110770276274835
1144,1195,26.40075756488817
1171,1172,21.0
1160,1187,15.811388300841896
1157,1191,17.26267650163207
1161,1171,20.396078054371138
1163,1190,13.0
1162,1186,15.620499351813308
1173,1176,14.035668847618199
1161,1199,17.26267650163207
1163,1176,18.027756377319946
1164,1201,18.384776310850235
1165,1200,18.867962264113206
1175,1180,17.11724276862369
1178,1202,15.264337522473747
1174,1178,18.027756377319946
1174,1202,17.204650534085253
1179,1196,10.63014581273465
1180,1203,15.652475842498529
1181,1192,10.295630140987
1177,1218,25.079872407968907
1179,1193,13.892443989449804
1181,1198,13.892443989449804
1182,1194,13.416407864998739
1189,1197,11.704699910719626
1181,1204,15.033296378372908
1182,1205,15.033296378372908
1173,1208,22.0
1183,1207,17.0
1184,1216,19.6468827043885
1188,1206,15.132745950421556
1185,1209,17.029386365926403
1196,1210,13.92838827718412
1189,1211,17.11724276862369
1186,1217,18.24828759089466
1187,1220,18.24828759089466
1191,1214,15.0
1199,1215,13.038404810405298
1195,1219,14.035668847618199
1200,1237,14.866068747318506
1202,1222,10.04987562112089
1209,1238,28.160255680657446
1210,1211,38.0
1209,1221,22.090722034374522
1210,1221,14.035668847618199
1214,1243,10.63014581273465
1214,1222,26.019223662515376
1222,1223,13.0
1203,1223,23.40939982143925
1203,1224,15.264337522473747
1224,1252,15.620499351813308
1204,1224,22.80350850198276
1204,1225,15.231546211727817
1205,1225,23.769728648009426
1208,1215,15.132745950421556
1215,1226,22.02271554554524
1226,1227,15.0
1227,1228,25.0
1228,1229,14.0
1229,1230,16.0
1216,1230,24.020824298928627
1216,1217,16.0
1217,1231,19.026297590440446
1218,1231,20.024984394500787
1218,1232,10.04987562112089
1232,1233,15.0
1233,1234,15.0
1219,1234,11.045361017187261
1219,1220,15.0
1220,1235,19.026297590440446
1235,1236,15.0
1236,1237,14.0
1207,1238,15.524174696260024
1207,1247,13.0
1223,1250,12.529964086141668
1206,1249,14.317821063276353
1211,1244,10.0
1212,1245,10.44030650891055
1213,1246,11.180339887498949
1208,1251,14.0
1226,1256,15.231546211727817
1239,1248,10.816653826391969
1210,1263,17.46424919657298
1225,1259,15.524174696260024
1218,1257,15.033296378372908
1238,1272,17.72004514666935
1240,1255,12.0
1243,1246,17.11724276862369
1237,1270,17.029386365926403
1244,1245,18.0
1245,1255,18.681541692269406
1241,1273,16.492422502470642
1241,1246,17.46424919657298
1242,1274,15.033296378372908
1243,1268,10.04987562112089
1248,1274,17.88854381999832
1248,1251,19.026297590440446
1229,1295,27.018512172212592
1247,1271,10.63014581273465
1244,1276,10.198039027185569
1248,1281,12.083045973594572
1256,1260,28.0178514522438
1257,1280,23.769728648009426
1249,1282,17.69180601295413
1262,1275,15.297058540778355
1262,1263,15.0
1256,1269,15.297058540778355
1267,1277,10.44030650891055
1253,1267,20.223748416156685
1265,1288,11.40175425099138
1253,1297,18.601075237738275
1254,1270,20.396078054371138
1252,1293,15.297058540778355
1251,1294,16.0
1257,1285,10.0
1258,1286,10.0
1259,1287,10.04987562112089
1261,1296,13.416407864998739
1264,1290,11.180339887498949
1266,1291,11.180339887498949
1277,1280,16.0312195418814
1249,1305,23.345235059857504
1268,1292,10.0
1269,1301,13.038404810405298
1270,1282,18.681541692269406
1276,1298,10.198039027185569
1278,1300,10.04987562112089
1283,1284,15.0
1284,1287,11.045361017187261
1272,1306,16.1245154965971
1279,1286,20.615528128088304
1279,1303,12.165525060596439
1285,1291,18.110770276274835
1286,1292,17.11724276862369
1288,1291,14.035668847618199
1263,1323,24.08318915758459
1270,1316,21.02379604162864
1290,1295,19.026297590440446
1290,1296,16.0312195418814
1285,1308,10.0
1287,1311,10.0
1289,1312,10.198039027185569
1290,1317,11.704699910719626
1295,1318,11.0
1288,1315,13.601470508735444
1300,1316,21.18962010041709
1296,1319,11.40175425099138
1292,1326,14.0
1294,1328,14.0
1298,1329,13.0
1302,1324,10.295630140987
1293,1310,15.264337522473747
1299,1333,15.0
1299,1311,16.15549442140351
1313,1330,15.231546211727817
1313,1314,15.0
1312,1333,17.88854381999832
1314,1318,15.132745950421556
1308,1336,10.0
1306,1338,13.0
1304,1332,11.661903789690601
1304,1325,12.041594578792296
1325,1332,15.132745950421556
1309,1341,13.152946437965905
1307,1324,22.80350850198276
1309,1325,12.529964086141668
1307,1346,15.0
1311,1348,15.0
1326,1346,15.264337522473747
1328,1334,17.26267650163207
1320,1344,10.04987562112089
1321,1345,11.180339887498949
1329,1332,14.035668847618199
1322,1347,11.180339887498949
1330,1335,16.1245154965971
1334,1335,15.0
1336,1342,21.37755832643195
1331,1343,16.15549442140351
1327,1350,10.0
1318,1354,18.0
1316,1356,24.413111231467404
1339,1340,15.033296378372908
1323,1339,17.46424919657298
1338,1345,21.095023109728988
1326,1357,16.0312195418814
1328,1360,16.0
1342,1343,15.0
1337,1353,10.770329614269007
1344,1345,12.0
1328,1347,19.697715603592208
1336,1363,15.0
1347,1350,16.1245154965971
1353,1356,17.11724276862369
1347,1364,11.40175425099138
1338,1367,17.11724276862369
1329,1381,30.265491900843113
1348,1369,15.0
1349,1362,12.727922061357855
1357,1358,15.0
1358,1359,15.0
1352,1374,15.264337522473747
1351,1376,15.033296378372908
1351,1362,15.652475842498529
1354,1372,10.0
1362,1375,10.63014581273465
1363,1376,16.1245154965971
1355,1373,10.04987562112089
1357,1382,15.033296378372908
1360,1383,15.0
1361,1387,15.033296378372908
1356,1391,20.12461179749811
1361,1373,20.615528128088304
1372,1373,18.0
1363,1399,18.0
1367,1389,10.0
1366,1380,10.0
1365,1401,15.0
1365,1369,15.132745950421556
1370,1397,12.165525060596439
1372,1394,10.0
1373,1398,11.704699910719626
1371,1400,12.041594578792296
1368,1392,12.806248474865697
1374,1396,10.04987562112089
1369,1407,15.0
1370,1401,25.553864678361276
1379,1386,15.132745950421556
1384,1386,12.041594578792296
1371,1381,15.231546211727817
1377,1405,12.165525060596439
1378,1406,12.165525060596439
1382,1392,21.213203435596427
1378,1392,14.7648230602334
1400,1405,19.1049731745428
1381,1410,10.0
1395,1409,15.811388300841896
1395,1403,15.132745950421556
1382,1415,12.0
1379,1383,22.02271554554524
1388,1413,10.198039027185569
1389,1414,10.0
1383,1423,15.0
1380,1425,18.35755975068582
1403,1404,15.033296378372908
1390,1404,18.973665961010276
1391,1425,17.69180601295413
1385,1430,19.1049731745428
1385,1413,19.4164878389476
1402,1422,10.295630140987
1411,1416,15.132745950421556
1411,1412,15.0
1396,1412,13.92838827718412
1396,1417,16.55294535724685
1413,1414,16.0
1409,1414,15.132745950421556
1390,1410,20.615528128088304
1399,1431,15.0
1393,1418,14.212670403551895
1415,1416,12.0
1394,1438,19.0
1410,1432,11.0
1407,1420,15.231546211727817
1407,1436,15.033296378372908
1408,1437,15.033296378372908
1418,1426,15.524174696260024
1408,1422,15.652475842498529
1393,1459,26.1725046566048
1420,1421,12.041594578792296
1414,1441,13.0
1422,1423,20.0
1419,1435,10.295630140987
1415,1445,14.0
1421,1446,11.180339887498949
1424,1443,10.04987562112089
1422,1451,13.416407864998739
1423,1463,15.0
1431,1435,18.110770276274835
1435,1443,17.26267650163207
1429,1457,10.44030650891055
1427,1442,10.63014581273465
1428,1469,15.0
1425,1468,20.0
1442,1469,15.652475842498529
1431,1466,11.045361017187261
1433,1458,10.0
1438,1469,16.64331697709324
1434,1465,10.770329614269007
1441,1455,19.4164878389476
1432,1444,15.811388300841896
1432,1475,14.0
1448,1449,15.0
1446,1449,18.027756377319946
1436,1470,10.04987562112089
1442,1479,12.529964086141668
1438,1471,10.04987562112089
1452,1453,15.0
1444,1453,18.110770276274835
1439,1472,10.04987562112089
1440,1473,10.44030650891055
1455,1456,15.0
1452,1456,15.033296378372908
1448,1462,20.223748416156685
1457,1458,12.0
1445,1478,10.04987562112089
1461,1462,15.0
1457,1463,19.026297590440446
1447,1480,10.0
1459,1466,14.142135623730951
1459,1476,14.317821063276353
1467,1468,18.0
1454,1481,11.045361017187261
1461,1478,20.8806130178211
1450,1472,21.18962010041709
1450,1485,15.811388300841896
1465,1471,18.110770276274835
1467,1476,14.560219778561036
1470,1472,17.029386365926403
1457,1482,11.180339887498949
1458,1483,10.198039027185569
1465,1473,15.297058540778355
1441,1490,20.0
1460,1480,22.135943621178654
1460,1484,12.165525060596439
1464,1492,15.524174696260024
1464,1481,23.40939982143925
1465,1486,11.704699910719626
1475,1480,15.132745950421556
1478,1481,13.341664064126334
1466,1493,15.033296378372908
1474,1488,10.198039027185569
1477,1489,10.295630140987
1463,1500,21.0
1471,1496,15.0
1470,1504,20.0
1475,1516,23.0
1488,1489,11.0
1489,1490,19.0
1487,1505,11.180339887498949
1478,1525,26.019223662515376
1488,1510,11.40175425099138
1489,1508,10.44030650891055
1493,1514,10.04987562112089
1491,1517,15.297058540778355
1494,1527,15.524174696260024
1497,1520,12.041594578792296
1505,1517,20.248456731316587
1500,1505,18.110770276274835
1496,1526,14.035668847618199
1490,1537,22.0
1520,1527,22.090722034374522
1499,1528,15.0
1502,1528,11.180339887498949
1495,1512,13.601470508735444
1495,1513,15.264337522473747
1498,1533,16.0312195418814
1514,1520,13.601470508735444
1507,1542,23.430749027719962
1504,1515,15.524174696260024
1500,1535,15.0
1506,1529,10.04987562112089
1501,1503,12.041594578792296
1504,1532,12.0
1511,1530,10.63014581273465
1503,1539,17.204650534085253
1509,1538,15.0
1514,1536,10.04987562112089
1513,1540,12.165525060596439
1515,1524,15.524174696260024
1532,1540,20.223748416156685
1518,1547,15.231546211727817
1519,1550,17.46424919657298
1529,1544,12.806248474865697
1529,1541,11.180339887498949
1521,1549,15.033296378372908
1516,1564,24.0
1536,1548,12.041594578792296
1541,1542,14.0
1522,1565,21.37755832643195
1523,1566,21.213203435596427
1526,1559,19.026297590440446
1530,1557,17.11724276862369
1528,1561,19.235384061671343
1531,1553,15.033296378372908
1525,1567,20.0
1534,1554,15.033296378372908
1544,1546,10.04987562112089
1537,1552,13.0
1532,1570,17.0
1535,1558,15.0
1533,1571,17.029386365926403
1538,1568,15.0
1539,1569,15.0
1542,1560,13.341664064126334
1543,1556,10.04987562112089
1545,1551,10.0
1546,1548,15.297058540778355
1544,1555,13.45362404707371
1548,1587,10.63014581273465
1551,1556,11.045361017187261
1549,1562,12.529964086141668
1549,1563,10.816653826391969
1551,1552,20.0
1552,1557,15.033296378372908
1557,1572,16.1245154965971
1551,1589,10.295630140987
1561,1572,20.024984394500787
1561,1562,12.0
1563,1564,14.0
1564,1565,15.0
1565,1566,27.0
1553,1566,19.1049731745428
1553,1588,10.770329614269007
1573,1588,10.04987562112089
1567,1573,11.045361017187261
1567,1568,16.0
1568,1574,15.033296378372908
1569,1574,21.02379604162864
1569,1575,15.033296378372908
1575,1576,15.0
1576,1577,15.0
1570,1577,14.035668847618199
1570,1578,16.0312195418814
1578,1579,15.0
1579,1580,15.0
1580,1581,22.0
1581,1582,10.0
1558,1582,15.132745950421556
1547,1558,23.08679276123039
1547,1583,15.0
1550,1583,14.7648230602334
1550,1571,25.709920264364882
1559,1571,21.02379604162864
1559,1584,19.1049731745428
1554,1584,13.341664064126334
1554,1585,27.16615541441225
1585,1586,14.0
1586,1587,20.0
1552,1591,11.0
1567,1596,15.264337522473747
1556,1590,10.44030650891055
1555,1592,13.0
1559,1599,17.88854381999832
1566,1602,18.027756377319946
1580,1604,17.46424919657298
1586,1593,10.04987562112089
1588,1594,10.0
1579,1601,15.297058540778355
1583,1607,17.0
1572,1611,19.026297590440446
1575,1623,25.079872407968907
1585,1613,19.026297590440446
1564,1617,23.0
1592,1597,12.36931687685298
1591,1609,10.0
1592,1595,12.165525060596439
1592,1619,14.7648230602334
1593,1618,12.165525060596439
1598,1602,10.198039027185569
1594,1606,13.416407864998739
1594,1603,13.0
1602,1605,12.041594578792296
1596,1625,15.0
1599,1627,13.0
1600,1617,13.038404810405298
1608,1614,22.20360331117452
1613,1614,13.038404810405298
1601,1630,15.231546211727817
1609,1629,11.180339887498949
1611,1628,12.727922061357855
1604,1632,15.652475842498529
1608,1631,12.0
1607,1621,15.652475842498529
1620,1622,15.033296378372908
1615,1635,10.04987562112089
1620,1633,15.652475842498529
1618,1637,10.816653826391969
1624,1637,10.816653826391969
1616,1636,10.295630140987
1617,1638,10.04987562112089
1602,1651,23.194827009486403
1610,1643,18.973665961010276
1624,1634,15.811388300841896
1612,1626,18.788294228055936
1613,1646,18.0
1628,1657,26.40075756488817
1623,1640,15.264337522473747
1629,1636,21.095023109728988
1627,1633,18.24828759089466
1635,1636,12.0
1625,1645,10.0
1627,1648,11.40175425099138
1628,1647,11.180339887498949
1625,1639,19.6468827043885
1626,1632,16.278820596099706
1630,1652,16.278820596099706
1631,1653,11.704699910719626
1640,1641,17.11724276862369
1629,1656,15.033296378372908
1634,1655,13.892443989449804
1638,1654,10.04987562112089
1639,1642,15.524174696260024
1644,1651,10.198039027185569
1643,1645,26.019223662515376
1632,1658,15.652475842498529
1649,1653,17.11724276862369
1646,1649,14.035668847618199
1650,1655,19.4164878389476
1646,1660,10.198039027185569
1643,1666,14.142135623730951
1648,1665,11.180339887498949
1658,1659,15.0
1659,1661,15.524174696260024
1654,1667,10.0
1645,1676,20.0
1652,1671,15.524174696260024
1653,1668,15.264337522473747
1655,1672,13.341664064126334
1656,1669,10.04987562112089
1664,1665,10.0
1653,1687,23.345235059857504
1660,1670,11.40175425099138
1665,1680,10.198039027185569
1660,1683,17.804493814764857
1666,1678,15.811388300841896
1663,1690,16.15549442140351
1672,1675,13.038404810405298
1662,1694,18.384776310850235
1669,1688,10.0
1667,1695,15.0
1670,1692,11.704699910719626
1678,1679,15.0
1674,1693,10.198039027185569
1672,1698,13.0
1671,1697,16.278820596099706
1676,1713,15.0
1680,1701,10.0
1673,1716,19.1049731745428
1673,1693,18.867962264113206
1688,1693,16.1245154965971
1681,1705,10.770329614269007
1677,1699,10.04987562112089
1687,1701,18.973665961010276
1683,1702,14.422205101855956
1682,1704,12.727922061357855
1685,1717,13.0
1684,1688,14.142135623730951
1689,1703,10.0
1682,1695,15.231546211727817
1684,1722,16.0
1695,1699,12.165525060596439
1686,1700,16.55294535724685
1691,1706,19.924858845171276
1687,1702,15.231546211727817
1692,1715,14.212670403551895
1698,1714,15.231546211727817
1684,1703,17.0
1704,1705,14.035668847618199
1704,1723,10.63014581273465
1699,1717,23.769728648009426
1696,1718,10.0
1706,1707,11.0
1707,1708,27.0
1708,1709,15.0
1694,1709,15.811388300841896
1694,1710,14.866068747318506
1710,1711,15.0
1690,1711,16.55294535724685
1690,1712,18.384776310850235
1701,1712,15.132745950421556
1698,1724,11.045361017187261
1692,1714,19.697715603592208
1688,1728,20.0
1686,1731,24.515301344262525
1690,1730,21.213203435596427
1713,1718,11.40175425099138
1713,1726,10.0
1720,1725,15.811388300841896
1719,1720,17.029386365926403
1702,1727,17.204650534085253
1714,1729,18.601075237738275
1695,1736,22.0
1715,1727,17.4928556845359
1714,1734,15.0
1701,1739,25.0
1725,1726,17.029386365926403
1707,1742,24.73863375370596
1721,1738,16.0312195418814
1728,1735,16.76305461424021
1726,1746,14.317821063276353
1730,1743,11.661903789690601
1728,1755,15.033296378372908
1727,1748,15.811388300841896
1729,1748,23.323807579381203
1735,1737,14.142135623730951
1733,1751,10.44030650891055
1731,1760,15.033296378372908
1736,1758,11.0
1732,1764,17.029386365926403
1734,1762,14.866068747318506
1759,1763,16.278820596099706
1737,1766,13.152946437965905
1746,1753,20.09975124224178
1747,1754,15.132745950421556
1743,1747,12.041594578792296
1734,1770,23.430749027719962
1738,1753,15.811388300841896
1742,1761,15.652475842498529
1742,1750,17.11724276862369
1743,1765,10.0
1739,1767,10.0
1739,1751,21.213203435596427
1740,1768,10.04987562112089
1748,1769,10.44030650891055
1749,1771,11.180339887498949
1741,1773,15.0
1741,1758,14.866068747318506
1745,1772,13.0
1768,1771,20.223748416156685
1741,1752,22.20360331117452
1744,1774,15.132745950421556
1744,1772,23.021728866442675
1758,1774,17.804493814764857
1751,1777,14.317821063276353
1755,1768,17.08800749063506
1756,1775,13.0
1757,1776,13.416407864998739
1754,1764,21.587033144922902
1746,1781,21.095023109728988
1759,1780,15.033296378372908
1760,1779,15.231546211727817
1755,1784,21.02379604162864
1761,1782,15.811388300841896
1758,1785,20.0
1763,1783,15.0
1769,1770,17.0
1767,1786,17.08800749063506
1778,1789,15.620499351813308
1777,1787,19.235384061671343
1775,1791,14.0
1776,1792,14.0
1777,1797,15.033296378372908
1770,1813,27.073972741361768
1779,1800,15.264337522473747
1781,1799,10.04987562112089
1780,1803,15.033296378372908
1782,1808,15.0
1786,1801,10.0
1785,1802,10.0
1783,1812,15.0
1788,1813,14.212670403551895
1789,1805,15.264337522473747
1787,1816,19.4164878389476
1794,1804,15.811388300841896
1791,1799,17.11724276862369
1791,1795,17.029386365926403
1792,1795,20.024984394500787
1792,1796,10.04987562112089
1796,1800,15.132745950421556
1793,1817,15.556349186104045
1784,1798,16.55294535724685
1784,1820,19.0
1794,1802,15.524174696260024
1790,1818,24.698178070456937
1798,1818,15.556349186104045
1801,1819,10.0
1797,1822,15.0
1805,1811,15.132745950421556
1799,1811,11.661903789690601
1802,1821,10.0
1799,1827,17.0
1800,1826,15.132745950421556
1806,1825,11.0
1809,1824,10.0
1807,1830,16.0312195418814
1818,1829,15.811388300841896
1814,1815,19.0
1812,1831,15.033296378372908
1817,1820,17.11724276862369
1810,1834,18.0
1815,1821,17.08800749063506
1821,1823,10.198039027185569
1821,1833,10.0
1819,1842,15.811388300841896
1816,1835,20.518284528683193
1820,1838,14.0
1827,1828,17.029386365926403
1824,1840,11.0
1825,1837,10.0
1828,1839,10.63014581273465
1822,1851,18.027756377319946
1827,1832,15.811388300841896
1832,1844,15.231546211727817
1836,1839,28.071337695236398
1836,1845,15.524174696260024
1826,1856,19.924858845171276
1835,1851,10.0
1837,1841,13.038404810405298
1834,1841,16.278820596099706
1838,1846,17.26267650163207
1833,1853,10.0
1831,1847,16.1245154965971
1837,1840,29.017236257093817
1830,1842,29.614185789921695
1831,1864,21.095023109728988
1830,1849,17.4928556845359
1843,1852,14.560219778561036
1847,1848,15.0
1840,1848,22.20360331117452
1834,1849,20.8806130178211
1838,1862,12.0
1842,1850,22.561028345356956
1850,1851,14.0
1845,1856,17.46424919657298
1846,1854,10.295630140987
1853,1855,13.152946437965905
1839,1870,20.223748416156685
1852,1855,15.297058540778355
1856,1866,11.40175425099138
1856,1863,10.770329614269007
1851,1868,12.165525060596439
1857,1858,15.0
1858,1859,15.0
1859,1860,15.0
1860,1861,15.0
1853,1861,22.360679774997898
1849,1873,22.561028345356956
1854,1869,10.04987562112089
1845,1867,26.627053911388696
1857,1862,15.033296378372908
1844,1877,27.018512172212592
1863,1864,12.0
1853,1871,18.027756377319946
1867,1870,18.24828759089466
1864,1872,15.620499351813308
1865,1878,14.142135623730951
1863,1883,24.758836806279895
1868,1874,10.198039027185569
1869,1875,10.0
1866,1879,19.849433241279208
1864,1881,24.041630560342615
1872,1891,15.231546211727817
1870,1882,17.029386365926403
1870,1887,16.492422502470642
1876,1885,15.524174696260024
1873,1880,10.770329614269007
1873,1886,17.4928556845359
1878,1882,14.142135623730951
1871,1890,16.1245154965971
1876,1886,18.973665961010276
1874,1888,15.811388300841896
1875,1892,12.0
1879,1889,15.264337522473747
1872,1900,21.470910553583888
1881,1893,14.866068747318506
1880,1896,19.849433241279208
1885,1888,10.770329614269007
1884,1894,11.661903789690601
1883,1899,15.264337522473747
1882,1906,16.1245154965971
1889,1898,11.40175425099138
1887,1898,10.0
1893,1895,26.019223662515376
1895,1897,15.033296378372908
1896,1905,15.297058540778355
1890,1894,14.317821063276353
1886,1915,22.847319317591726
1901,1902,15.0
1902,1903,15.0
1903,1904,15.0
1890,1904,16.15549442140351
1891,1911,15.033296378372908
1892,1912,15.033296378372908
1901,1907,15.297058540778355
1896,1910,15.556349186104045
1888,1920,23.021728866442675
1897,1908,15.264337522473747
1894,1916,17.804493814764857
1899,1913,13.038404810405298
1893,1919,19.697715603592208
1905,1914,14.866068747318506
1900,1918,15.297058540778355
1906,1917,15.0
1907,1909,15.811388300841896
1898,1922,21.587033144922902
1908,1914,13.601470508735444
1910,1921,15.652475842498529
1898,1913,26.40075756488817
1908,1926,17.88854381999832
1911,1925,13.0
1916,1923,10.0
1914,1927,17.204650534085253
1915,1929,18.027756377319946
1913,1924,14.422205101855956
1919,1928,15.556349186104045
1918,1924,15.264337522473747
1921,1930,15.524174696260024
1918,1925,19.697715603592208
1925,1928,13.341664064126334
1926,1931,15.556349186104045
1927,1932,15.0
1929,1933,15.652475842498529
1931,1934,16.64331697709324
1930,1937,20.615528128088304
1932,1935,15.652475842498529
1936,1937,15.811388300841896
1933,1938,10.44030650891055
1935,1936,15.033296378372908
1938,1939,14.212670403551895
1937,1940,15.556349186104045
1939,1941,15.264337522473747
1941,1942,15.264337522473747
1942,1943,15.264337522473747
1943,1944,15.811388300841896
1944,1945,15.264337522473747
1945,1946,15.264337522473747
1946,1947,15.264337522473747
1947,1948,15.811388300841896
1948,1949,15.264337522473747
1949,1950,15.264337522473747
1950,1951,15.620499351813308
1951,1952,15.231546211727817
1953,1954,20.12461179749811
1954,1955,15.524174696260024
1955,1956,15.620499351813308
1955,1957,16.278820596099706
1957,2012,19.79898987322333
1958,2011,15.524174696260024
1964,2013,15.033296378372908
1964,1965,15.0
1965,1966,22.0
1966,1967,16.0
1967,1968,15.0
1959,1968,15.033296378372908
1969,1970,15.0
1970,1971,15.0
1971,1972,15.0
1972,1973,15.0
1973,1974,15.0
1974,1975,15.0
1975,1976,12.0
1977,1978,15.0
1978,1979,15.0
1979,1980,15.0
1980,1981,15.0
1981,1982,15.0
1960,1982,26.019223662515376
1983,1984,15.0
1984,1985,15.0
1985,1986,15.0
1986,1987,15.0
1987,1988,15.0
1961,1988,26.019223662515376
1989,1990,15.0
1990,1991,15.0
1991,1992,15.0
1992,1993,15.0
1993,1994,15.0
1962,1994,27.018512172212592
1995,1996,11.0
1996,1997,15.0
1997,1998,15.0
1998,1999,10.0
1999,2000,20.0
2000,2001,15.0
1963,2001,15.033296378372908
2002,2003,21.0
2003,2004,15.0
2004,2005,14.0
2005,2006,22.0
2006,2007,15.0
2007,2008,15.0
2009,2014,19.026297590440446
2009,2010,15.0
2011,2015,13.038404810405298
2010,2015,18.027756377319946
1980,2017,15.231546211727817
1986,2018,15.231546211727817
1992,2019,15.652475842498529
2012,2020,19.6468827043885
1972,2030,25.709920264364882
1966,2023,24.0
1999,2026,24.0
2005,2027,24.020824298928627
2014,2028,23.345235059857504
2016,2022,13.0
2017,2024,10.0
2018,2025,10.0
2019,2034,11.0
2021,2080,10.816653826391969
2029,2037,15.033296378372908
2023,2029,12.041594578792296
2024,2031,10.04987562112089
2025,2032,11.045361017187261
2032,2033,15.0
2026,2067,23.08679276123039
2027,2073,14.142135623730951
2027,2074,16.1245154965971
2020,2035,15.231546211727817
2035,2036,15.0
2036,2037,15.0
2023,2079,13.341664064126334
2038,2086,15.652475842498529
2038,2039,15.0
2039,2040,15.0
2040,2041,15.0
2030,2041,12.041594578792296
2030,2042,18.027756377319946
2042,2043,15.0
2043,2044,15.0
2044,2045,16.0
2045,2046,16.0
2046,2047,15.0
2047,2048,15.0
2024,2048,18.110770276274835
2031,2049,14.035668847618199
2049,2050,15.0
2050,2051,15.0
2051,2052,15.0
2052,2053,10.0
2053,2054,20.0
2054,2055,15.0
2025,2055,13.152946437965905
2033,2056,15.033296378372908
2056,2057,15.0
2057,2058,12.0
2058,2059,18.0
2059,2060,15.0
2034,2060,27.018512172212592
2034,2061,10.04987562112089
2061,2081,15.297058540778355
2062,2082,15.297058540778355
2062,2063,12.0
2063,2064,14.0
2064,2065,15.0
2065,2066,15.0
2026,2066,16.1245154965971
2067,2068,15.0
2068,2069,15.0
2069,2070,12.0
2070,2071,18.0
2071,2072,15.0
2072,2073,15.0
2074,2075,13.0
2075,2076,13.0
2076,2077,15.0
2028,2077,16.1245154965971
2028,2078,16.1245154965971
2022,2084,10.44030650891055
2020,2090,21.213203435596427
2081,2082,15.0
2078,2083,24.515301344262525
2080,2087,10.0
2053,2088,14.035668847618199
2055,2091,15.033296378372908
2058,2092,15.033296378372908
2070,2093,15.033296378372908
2079,2085,15.231546211727817
2085,2086,25.0
2045,2094,16.0312195418814
2078,2095,16.0312195418814
2031,2101,20.024984394500787
2075,2105,21.0
2084,2089,10.63014581273465
2063,2120,26.019223662515376
2083,2106,24.839484696748443
2086,2111,18.384776310850235
2087,2090,22.20360331117452
2089,2106,16.55294535724685
2090,2115,10.0
2091,2118,10.04987562112089
2087,2122,18.384776310850235
2100,2116,10.816653826391969
2088,2123,15.0
2095,2121,10.0
2092,2124,15.033296378372908
2107,2123,21.18962010041709
2097,2126,17.029386365926403
2093,2127,16.0
2098,2125,14.422205101855956
2105,2108,14.142135623730951
2105,2113,16.278820596099706
2102,2129,15.264337522473747
2109,2110,11.0
2101,2128,15.264337522473747
2114,2121,15.132745950421556
2096,2136,21.02379604162864
2094,2138,21.0
2117,2118,11.0
2112,2118,13.038404810405298
2103,2142,21.470910553583888
2099,2137,19.313207915827967
2107,2132,15.620499351813308
2104,2143,19.313207915827967
2109,2130,14.142135623730951
2115,2133,10.0
2111,2135,13.0
2114,2152,24.186773244895647
2106,2147,20.615528128088304
2116,2139,12.0
2120,2140,11.0
2121,2134,10.04987562112089
2125,2127,23.021728866442675
2119,2148,19.697715603592208
2130,2141,12.649110640673518
2124,2146,10.0
2123,2149,15.0
2126,2154,15.0
2135,2136,23.0
2137,2138,23.0
2138,2139,22.0
2128,2156,15.524174696260024
2129,2157,15.0
2129,2146,22.47220505424423
2126,2146,24.698178070456937
2140,2142,23.021728866442675
2143,2144,11.0
2127,2144,13.038404810405298
2133,2150,10.0
2127,2162,18.0
2130,2160,22.67156809750927
2131,2164,18.973665961010276
2135,2158,11.0
2138,2155,10.0
2145,2153,10.816653826391969
2139,2161,12.649110640673518
2143,2159,10.198039027185569
2125,2169,24.166091947189145
2140,2167,15.0
2141,2151,15.652475842498529
2137,2166,16.55294535724685
2140,2148,22.80350850198276
2134,2171,19.924858845171276
2147,2163,10.04987562112089
2150,2151,15.0
2136,2165,17.0
2142,2168,16.64331697709324
2146,2177,20.024984394500787
2153,2172,10.0
2149,2176,15.0
2148,2175,17.0
2150,2170,12.206555615733702
2158,2164,22.360679774997898
2155,2180,15.0
2156,2182,15.132745950421556
2157,2173,14.212670403551895
2154,2174,15.620499351813308
2163,2178,10.198039027185569
2170,2172,15.033296378372908
2170,2184,10.63014581273465
2162,2188,15.0
2164,2191,16.55294535724685
2158,2208,28.0
2167,2211,25.0
2181,2192,10.816653826391969
2171,2207,24.413111231467404
2184,2189,15.132745950421556
2179,2197,12.041594578792296
2176,2203,15.0
2187,2196,10.295630140987
2186,2195,12.083045973594572
2172,2204,20.248456731316587
2185,2200,10.63014581273465
2177,2206,15.0
2184,2202,10.0
2189,2213,23.021728866442675
2180,2205,13.0
2182,2209,15.0
2190,2216,14.317821063276353
2188,2212,13.0
2183,2223,21.470910553583888
2195,2201,15.524174696260024
2194,2221,15.620499351813308
2195,2218,10.198039027185569
2193,2220,15.620499351813308
2198,2210,11.40175425099138
2196,2219,10.198039027185569
2197,2225,15.0
2192,2205,23.08679276123039
2192,2230,18.0
2197,2208,23.769728648009426
2200,2205,23.345235059857504
2199,2213,18.384776310850235
2211,2215,10.04987562112089
2215,2219,12.041594578792296
2216,2217,12.0
2212,2217,11.045361017187261
2202,2235,14.0
2205,2226,10.0
2203,2231,12.0
2206,2232,11.0
2206,2227,24.166091947189145
2207,2237,15.0
2222,2231,17.72004514666935
2210,2236,10.0
2214,2240,14.7648230602334
2208,2241,15.0
2212,2224,10.0
2213,2239,13.601470508735444
2209,2242,15.0
2219,2238,10.198039027185569
2223,2224,15.132745950421556
2200,2251,27.202941017470888
2211,2229,12.041594578792296
2227,2236,15.132745950421556
2228,2229,11.0
2212,2249,19.0
2218,2244,18.027756377319946
2220,2246,15.0
2221,2247,15.0
2211,2252,20.0
2220,2231,21.840329667841555
2221,2232,22.80350850198276
2216,2253,19.6468827043885
2223,2248,15.652475842498529
2237,2244,10.0
2234,2243,10.0
2233,2254,11.180339887498949
2230,2245,12.041594578792296
2240,2241,22.0
2225,2250,15.0
2232,2257,15.0
2231,2262,18.0
2238,2255,12.041594578792296
2235,2263,18.0
2236,2260,17.88854381999832
2243,2259,10.0
2244,2261,10.44030650891055
2242,2266,15.0
2254,2256,12.36931687685298
2226,2278,30.0
2240,2272,21.18962010041709
2246,2267,15.0
2247,2264,13.601470508735444
2257,2258,22.0
2252,2270,12.0
2249,2274,15.0
2256,2261,19.235384061671343
2241,2292,31.0
2259,2263,22.090722034374522
2257,2276,12.0
2254,2291,25.0
2261,2287,19.4164878389476
2268,2277,10.816653826391969
2265,2275,10.816653826391969
2262,2286,15.0
2259,2285,17.46424919657298
2263,2288,15.0
2271,2279,10.295630140987
2266,2293,15.0
2274,2289,10.0
2269,2300,18.973665961010276
2280,2290,15.811388300841896
2280,2281,15.0
2275,2298,13.0
2270,2302,20.0
2273,2304,19.313207915827967
2277,2299,13.0
2278,2297,11.0
2282,2307,16.278820596099706
2279,2303,14.035668847618199
2289,2290,20.0
2284,2308,15.620499351813308
2276,2313,22.02271554554524
2283,2318,21.470910553583888
2295,2301,10.816653826391969
2286,2311,15.0
2297,2298,22.0
2294,2314,13.038404810405298
2292,2299,23.53720459187964
2297,2300,23.021728866442675
2293,2316,14.035668847618199
2287,2312,18.027756377319946
2292,2319,17.0
2302,2303,23.0
2304,2305,10.0
2289,2305,14.422205101855956
2289,2321,18.0
2288,2326,22.0
2298,2315,10.0
2287,2334,30.479501308256342
2296,2328,19.313207915827967
2299,2317,10.0
2297,2324,15.0
2309,2325,12.806248474865697
2306,2323,13.45362404707371
2310,2330,10.44030650891055
2304,2320,10.04987562112089
2301,2327,13.152946437965905
2300,2329,17.0
2307,2336,15.033296378372908
2308,2337,15.0
2312,2314,14.035668847618199
2303,2335,17.4928556845359
2311,2336,22.825424421026653
2311,2318,21.213203435596427
2313,2337,23.259406699226016
2314,2322,15.524174696260024
2302,2348,23.0
2311,2340,15.0
2322,2339,10.63014581273465
2320,2338,11.661903789690601
2321,2331,24.186773244895647
2332,2333,15.0
2333,2334,14.0
2326,2327,24.0
2319,2328,22.20360331117452
2318,2347,15.033296378372908
2323,2341,10.0
2313,2356,20.0
2325,2342,10.295630140987
2323,2326,22.090722034374522
2324,2343,10.0
2327,2344,10.198039027185569
2319,2352,16.0
2331,2332,26.0
2334,2349,10.04987562112089
2326,2373,17.0
2328,2366,17.0
2337,2369,15.0
2339,2372,11.40175425099138
2336,2367,15.620499351813308
2321,2382,29.0
2345,2353,12.36931687685298
2344,2365,10.295630140987
2347,2368,10.295630140987
2342,2374,10.0
2330,2381,26.019223662515376
2359,2370,15.132745950421556
2346,2360,14.560219778561036
2351,2360,26.076809620810597
2343,2375,10.0
2354,2361,13.038404810405298
2340,2378,15.0
2350,2361,18.24828759089466
2357,2371,10.44030650891055
2358,2376,15.231546211727817
2341,2377,15.652475842498529
2353,2370,15.297058540778355
2362,2371,23.08679276123039
2363,2376,20.615528128088304
2349,2379,14.560219778561036
2352,2383,15.0
2355,2384,15.033296378372908
2348,2395,23.0
2364,2388,15.132745950421556
2360,2391,19.924858845171276
2361,2392,19.6468827043885
2356,2394,20.0
2374,2385,10.0
2370,2390,17.46424919657298
2375,2387,10.0
2371,2396,18.027756377319946
2373,2398,17.029386365926403
2376,2397,14.560219778561036
2378,2393,11.0
2379,2380,20.024984394500787
2379,2389,13.416407864998739
2386,2388,16.0312195418814
2382,2435,15.033296378372908
2388,2389,18.027756377319946
2381,2437,16.492422502470642
2398,2399,10.0
2399,2429,19.026297590440446
2400,2429,15.033296378372908
2400,2430,11.045361017187261
2401,2402,15.0
2403,2436,17.0
2383,2403,16.15549442140351
2383,2404,16.15549442140351
2390,2404,22.02271554554524
2390,2405,19.026297590440446
2405,2406,16.0
2391,2406,18.027756377319946
2391,2407,15.033296378372908
2387,2407,24.515301344262525
2387,2408,15.811388300841896
2392,2408,22.02271554554524
2392,2409,10.04987562112089
2409,2410,15.0
2384,2410,16.15549442140351
2384,2411,15.231546211727817
2411,2412,15.0
2412,2413,10.0
2393,2413,25.019992006393608
2393,2431,24.08318915758459
2414,2415,15.0
2415,2416,15.0
2416,2417,15.0
2417,2418,15.0
2394,2418,12.041594578792296
2394,2419,24.020824298928627
2385,2419,16.15549442140351
2385,2420,23.769728648009426
2420,2421,15.0
2381,2421,15.264337522473747
2422,2432,15.132745950421556
2395,2422,11.045361017187261
2395,2423,21.02379604162864
2396,2423,16.0312195418814
2396,2424,28.0178514522438
2424,2425,14.0
2397,2425,10.04987562112089
2397,2426,21.02379604162864
2426,2435,15.652475842498529
2382,2427,21.540659228538015
2427,2428,15.0
2388,2441,15.811388300841896
2401,2430,26.019223662515376
2414,2431,21.02379604162864
2396,2444,15.264337522473747
2402,2436,10.0
2383,2443,18.0
2410,2446,15.264337522473747
2398,2433,14.317821063276353
2391,2438,10.0
2415,2448,15.652475842498529
2433,2439,15.652475842498529
2398,2442,11.045361017187261
2425,2440,10.04987562112089
2432,2437,10.0
2429,2445,12.0
2409,2451,15.132745950421556
2413,2452,15.033296378372908
2428,2449,14.866068747318506
2428,2434,28.160255680657446
2430,2450,14.035668847618199
2393,2458,22.561028345356956
2419,2470,29.068883707497267
2405,2459,22.02271554554524
2394,2469,27.018512172212592
2395,2477,28.0178514522438
2437,2453,11.045361017187261
2439,2455,15.556349186104045
2435,2466,17.26267650163207
2442,2456,10.0
2438,2467,17.0
2445,2454,13.038404810405298
2440,2478,17.26267650163207
2449,2464,10.816653826391969
2447,2465,10.198039027185569
2445,2457,14.422205101855956
2444,2462,14.866068747318506
2443,2482,17.0
2451,2475,12.0
2448,2483,15.0
2450,2479,15.264337522473747
2446,2468,16.401219466856727
2452,2476,14.422205101855956
2444,2461,22.360679774997898
2453,2481,14.212670403551895
2463,2486,12.727922061357855
2463,2464,12.0
2456,2484,10.0
2453,2490,17.204650534085253
2455,2488,12.0
2474,2480,15.033296378372908
2458,2489,16.278820596099706
2460,2469,15.524174696260024
2466,2471,15.132745950421556
2473,2474,15.0
2464,2491,10.04987562112089
2449,2465,36.138621999185304
2459,2498,20.518284528683193
2475,2480,19.026297590440446
2481,2492,19.924858845171276
2468,2494,10.816653826391969
2470,2495,12.727922061357855
2465,2496,15.620499351813308
2467,2497,10.0
2478,2499,10.0
2479,2501,10.198039027185569
2469,2502,19.209372712298546
2482,2504,10.04987562112089
2476,2505,15.811388300841896
2483,2485,20.223748416156685
2487,2496,17.26267650163207
2472,2498,19.72308292331602
2484,2508,11.0
2492,2495,19.026297590440446
2475,2517,20.0
2477,2518,21.18962010041709
2488,2510,10.0
2493,2512,12.041594578792296
2491,2507,12.041594578792296
2500,2508,15.524174696260024
2500,2511,13.0
2489,2506,13.038404810405298
2495,2513,12.727922061357855
2503,2512,18.439088914585774
2503,2504,12.0
2483,2528,25.079872407968907
2491,2522,18.027756377319946
2496,2514,10.198039027185569
2506,2515,13.416407864998739
2498,2516,13.45362404707371
2497,2524,14.317821063276353
2499,2519,10.0
2501,2520,10.04987562112089
2504,2523,10.04987562112089
2509,2521,10.0
2507,2526,10.295630140987
2508,2527,10.0
2510,2529,10.0
2512,2530,14.866068747318506
2521,2525,13.152946437965905
2515,2535,15.556349186104045
2518,2534,10.63014581273465
2520,2533,13.038404810405298
2517,2536,11.0
2519,2542,17.69180601295413
2521,2539,16.401219466856727
2523,2540,10.0
2524,2531,15.524174696260024
2531,2532,15.0
2522,2539,14.866068747318506
2526,2543,10.198039027185569
2527,2544,10.0
2532,2550,15.620499351813308
2535,2538,16.0312195418814
2529,2549,12.0
2536,2537,19.0
2537,2552,15.264337522473747
2534,2546,10.0
2525,2562,26.92582403567252
2545,2551,24.08318915758459
2543,2554,13.416407864998739
2539,2558,10.04987562112089
2540,2559,10.0
2541,2555,11.313708498984761
2536,2561,15.0
2545,2547,18.027756377319946
2542,2557,15.264337522473747
2548,2554,16.1245154965971
2544,2564,12.0
2552,2555,15.132745950421556
2547,2560,15.811388300841896
2546,2556,16.76305461424021
2556,2557,15.0
2549,2567,10.198039027185569
2545,2569,15.0
2558,2563,11.180339887498949
2554,2568,10.44030650891055
2550,2565,10.816653826391969
2546,2584,19.235384061671343
2557,2576,22.20360331117452
2553,2575,18.601075237738275
2558,2585,18.439088914585774
2559,2574,12.0
2565,2566,17.0
2561,2566,15.033296378372908
2565,2572,15.811388300841896
2563,2588,11.180339887498949
2564,2589,10.0
2570,2575,12.36931687685298
2571,2586,16.492422502470642
2571,2572,15.0
2573,2583,13.152946437965905
2561,2594,19.4164878389476
2577,2589,15.132745950421556
2577,2578,15.0
2578,2579,15.0
2580,2581,15.0
2581,2582,15.0
2574,2582,20.024984394500787
2573,2592,10.0
2586,2590,14.035668847618199
2587,2591,15.231546211727817
2572,2608,22.360679774997898
2587,2603,21.2602916254693
2569,2598,16.0
2575,2593,10.04987562112089
2585,2599,16.278820596099706
2589,2597,10.0
2586,2602,16.97056274847714
2584,2604,15.0
2576,2607,20.248456731316587
2588,2600,14.212670403551895
2588,2596,18.867962264113206
2574,2619,25.0
2596,2601,15.033296378372908
2595,2610,20.12461179749811
2592,2606,10.0
2593,2605,10.63014581273465
2591,2614,15.033296378372908
2596,2612,10.44030650891055
2597,2613,10.0
2594,2620,15.033296378372908
2593,2616,22.02271554554524
2598,2622,15.0
2603,2627,15.033296378372908
2608,2621,12.041594578792296
2609,2615,10.770329614269007
2611,2625,14.7648230602334
2605,2629,19.79898987322333
2616,2617,15.0
2617,2618,15.0
2604,2618,15.264337522473747
2599,2640,24.515301344262525
2607,2631,15.0
2609,2626,12.806248474865697
2611,2624,10.63014581273465
2604,2643,22.0
2606,2641,19.026297590440446
2610,2634,16.15549442140351
2613,2632,13.0
2621,2623,15.033296378372908
2619,2633,11.0
2614,2642,15.811388300841896
2622,2624,17.029386365926403
2622,2626,15.132745950421556
2628,2633,14.560219778561036
2628,2630,10.198039027185569
2620,2645,15.811388300841896
2632,2635,14.035668847618199
2635,2636,15.0
2636,2637,15.0
2638,2639,15.0
2633,2639,23.021728866442675
2622,2657,20.0
2638,2644,15.524174696260024
2630,2649,16.97056274847714
2631,2650,15.0
2632,2648,10.0
2633,2655,12.0
2641,2649,12.041594578792296
2634,2659,14.0
2642,2656,10.0
2643,2653,14.212670403551895
2645,2671,10.0
2640,2678,18.601075237738275
2646,2658,16.492422502470642
2651,2652,15.0
2652,2653,15.0
2647,2654,10.198039027185569
2658,2670,12.165525060596439
2647,2679,10.0
2656,2660,10.198039027185569
2657,2664,15.132745950421556
2643,2669,31.38470965295043
2660,2675,29.017236257093817
2656,2661,11.180339887498949
2661,2662,15.0
2662,2663,15.0
2657,2663,15.132745950421556
2664,2665,15.0
2665,2666,15.0
2666,2667,15.0
2667,2668,14.0
2651,2668,25.179356624028344
2648,2683,13.0
2671,2681,19.235384061671343
2671,2672,28.0
2672,2673,15.0
2673,2674,15.0
2674,2676,14.035668847618199
2659,2677,23.08679276123039
2659,2675,14.035668847618199
2650,2669,15.524174696260024
2670,2678,12.165525060596439
2655,2682,10.0
2676,2677,21.0
2680,2684,17.88854381999832
2680,2681,15.0
2651,2686,17.029386365926403
2649,2687,20.396078054371138
2650,2688,21.18962010041709
2653,2692,20.615528128088304
2656,2696,23.08679276123039
2679,2683,27.459060435491963
2671,2695,20.0
2668,2700,22.02271554554524
2676,2702,21.213203435596427
2678,2703,23.194827009486403
2682,2685,20.8806130178211
2683,2704,17.0
2684,2701,15.556349186104045
2683,2689,16.1245154965971
2689,2690,15.0
2690,2691,15.0
2685,2698,15.264337522473747
2682,2710,26.0
2687,2705,15.556349186104045
2691,2697,15.811388300841896
2695,2699,20.024984394500787
2699,2706,11.661903789690601
2688,2707,15.524174696260024
2693,2706,13.45362404707371
2692,2708,15.0
2696,2712,15.264337522473747
2701,2711,15.556349186104045
2695,2718,15.0
2700,2709,15.556349186104045
2702,2721,15.811388300841896
2705,2714,10.63014581273465
2694,2728,22.02271554554524
2716,2719,27.073972741361768
2704,2723,14.0
2706,2720,10.04987562112089
2709,2713,29.017236257093817
2703,2730,20.248456731316587
2714,2715,19.0
2711,2715,25.019992006393608
2712,2724,19.924858845171276
2712,2717,20.024984394500787
2713,2725,10.0
2711,2727,10.0
2708,2734,18.0
2707,2738,23.706539182259394
2722,2723,24.020824298928627
2716,2733,15.033296378372908
2726,2727,23.021728866442675
2718,2735,15.0
2714,2739,24.758836806279895
2719,2736,15.0
2725,2728,24.08318915758459
2710,2741,22.0
2715,2742,21.02379604162864
2724,2737,15.0
2730,2732,10.770329614269007
2729,2740,10.0
2723,2748,21.0
2727,2744,20.248456731316587
2732,2738,11.704699910719626
2731,2747,12.36931687685298
2733,2755,15.0
2738,2751,10.198039027185569
2735,2756,15.0
2734,2752,16.401219466856727
2736,2760,15.033296378372908
2737,2761,15.0
2746,2747,15.033296378372908
2739,2764,15.524174696260024
2734,2745,15.0
2745,2746,15.0
2743,2754,15.652475842498529
2741,2759,11.0
2747,2750,23.021728866442675
2750,2751,15.033296378372908
2740,2767,24.839484696748443
2749,2763,15.652475842498529
2746,2769,16.15549442140351
2748,2765,11.0
2753,2754,15.0
2744,2768,15.231546211727817
2751,2766,10.198039027185569
2762,2765,14.560219778561036
2753,2762,15.297058540778355
2759,2763,19.026297590440446
2742,2782,26.0
2758,2770,10.198039027185569
2752,2788,22.360679774997898
2756,2771,12.0
2755,2778,15.033296378372908
2759,2773,12.0
2757,2775,13.152946437965905
2765,2767,22.02271554554524
2764,2777,15.620499351813308
2760,2783,15.0
2761,2784,15.0
2757,2774,18.384776310850235
2765,2781,10.0
2766,2786,10.04987562112089
2768,2780,15.264337522473747
2771,2774,18.027756377319946
2780,2787,20.09975124224178
2772,2790,10.04987562112089
2777,2793,10.295630140987
2771,2796,15.652475842498529
2779,2794,10.04987562112089
2773,2799,15.0
2770,2801,20.8806130178211
2776,2798,14.035668847618199
2781,2795,10.0
2773,2789,20.248456731316587
2787,2796,12.727922061357855
2786,2797,10.0
2785,2800,13.038404810405298
2783,2802,15.033296378372908
2791,2792,15.0
2789,2792,15.297058540778355
2788,2803,15.0
2793,2807,10.0
2794,2809,10.0
2789,2822,22.80350850198276
2795,2811,10.0
2797,2812,10.44030650891055
2791,2821,19.4164878389476
2798,2815,10.0
2790,2826,21.0
2799,2816,10.0
2796,2820,17.4928556845359
2808,2810,15.033296378372908
2804,2811,15.297058540778355
2804,2805,15.0
2805,2806,15.0
2800,2825,14.0
2801,2827,14.0
2802,2828,15.811388300841896
2813,2818,23.345235059857504
2808,2817,15.231546211727817
2796,2840,26.40075756488817
2803,2849,17.0
2813,2824,15.231546211727817
2812,2834,16.1245154965971
2810,2850,15.811388300841896
2807,2823,11.40175425099138
2807,2835,17.69180601295413
2818,2819,15.0
2819,2820,15.0
2814,2843,11.180339887498949
2816,2823,15.524174696260024
2824,2839,15.524174696260024
2809,2830,18.027756377319946
2825,2846,10.770329614269007
2825,2829,10.04987562112089
2829,2830,15.0
2809,2831,25.079872407968907
2815,2831,17.46424919657298
2826,2832,19.026297590440446
2832,2833,15.0
2811,2851,20.0
2835,2836,14.035668847618199
2827,2842,32.14031735997639
2827,2837,10.198039027185569
2828,2843,11.40175425099138
2837,2838,15.0
2828,2838,19.1049731745428
2834,2852,26.419689627245813
2840,2841,15.0
2841,2842,15.0
2843,2844,15.0
2844,2845,15.0
2845,2846,10.0
2815,2847,18.027756377319946
2847,2848,15.0
2826,2848,15.524174696260024
2833,2849,15.811388300841896
2816,2856,24.0
2824,2857,20.248456731316587
2839,2853,11.0
2846,2854,11.045361017187261
2849,2858,15.652475842498529
2849,2855,23.323807579381203
2850,2859,15.231546211727817
2851,2859,28.160255680657446
2852,2855,19.4164878389476
2851,2871,17.11724276862369
2854,2869,13.0
2860,2867,15.132745950421556
2860,2861,15.0
2861,2862,15.0
2862,2863,15.0
2863,2864,15.0
2864,2865,15.0
2865,2866,15.0
2856,2866,15.132745950421556
2855,2870,11.40175425099138
2858,2872,15.556349186104045
2859,2873,15.556349186104045
2857,2874,15.0
2867,2871,13.038404810405298
2853,2887,33.015148038438355
2868,2881,21.095023109728988
2875,2878,23.021728866442675
2871,2880,12.727922061357855
2856,2891,30.265491900843113
2868,2884,23.345235059857504
2869,2877,15.231546211727817
2872,2879,15.811388300841896
2875,2876,16.0
2876,2877,18.0
2870,2885,17.46424919657298
2876,2889,15.231546211727817
2869,2890,22.825424421026653
2873,2886,15.0
2879,2882,15.652475842498529
2874,2888,14.0
2878,2892,15.033296378372908
2875,2898,23.0
2882,2896,29.966648127543394
2883,2903,15.297058540778355
2884,2897,11.0
2890,2904,17.029386365926403
2886,2911,16.0
2891,2907,16.278820596099706
2887,2913,15.132745950421556
2888,2914,15.0
2892,2908,11.180339887498949
2889,2915,15.0
2894,2910,16.15549442140351
2894,2895,15.0
2895,2896,12.0
2893,2916,12.0
2893,2897,16.76305461424021
2897,2909,25.495097567963924
2899,2918,25.079872407968907
2899,2900,15.0
2900,2901,15.0
2901,2902,15.0
2885,2928,28.460498941515414
2905,2917,15.811388300841896
2905,2906,15.0
2906,2912,15.297058540778355
2902,2908,22.20360331117452
2898,2923,15.0
2904,2919,19.4164878389476
2896,2927,23.345235059857504
2897,2933,19.0
2903,2907,21.095023109728988
2908,2925,12.649110640673518
2911,2929,15.556349186104045
2917,2924,16.1245154965971
2910,2926,16.278820596099706
2912,2920,15.0
2909,2918,16.15549442140351
2914,2935,15.033296378372908
2915,2936,15.033296378372908
2907,2922,16.278820596099706
2913,2934,15.811388300841896
2909,2937,20.615528128088304
2920,2921,15.0
2921,2922,15.0
2919,2926,16.278820596099706
2929,2930,15.0
2930,2931,15.0
2931,2932,15.0
2924,2932,17.029386365926403
2919,2938,15.0
2923,2941,13.341664064126334
2934,2935,15.0
2925,2940,12.0
2928,2943,17.4928556845359
2926,2944,21.400934559032695
2927,2945,17.11724276862369
2933,2939,10.63014581273465
2936,2941,19.313207915827967
2940,2942,15.033296378372908
2941,2942,10.04987562112089
2938,2946,15.556349186104045
2943,2951,23.345235059857504
2943,2948,20.518284528683193
2944,2947,15.0
2945,2950,15.652475842498529
2946,2949,15.556349186104045
2947,2955,15.620499351813308
2950,2952,10.63014581273465
2951,2953,12.806248474865697
2948,2958,15.811388300841896
2949,2954,18.027756377319946
2952,2953,10.0
2955,2956,15.132745950421556
2952,2959,11.40175425099138
2956,2957,15.033296378372908
2953,2960,24.186773244895647
2957,2959,15.132745950421556
2958,2960,16.15549442140351
2953,2961,20.615528128088304
2961,2962,15.0
2963,2964,15.0
2964,2965,15.0
2965,2966,15.0
2966,2967,15.0
2967,2968,15.0
2968,2969,15.0
2969,2970,15.0
2970,2971,15.0
2971,2972,15.0
2972,2973,15.0
2973,2974,15.0
2974,2975,15.0
2975,2976,15.0
2976,2977,15.0
2977,2978,15.0
2978,2979,15.0
2979,2980,15.0
2980,2981,15.0
2981,2982,15.0
2982,2983,15.0
2983,2984,15.0
2984,2985,15.0
2985,2986,15.0
2986,2987,15.0
2987,2988,15.0
2988,2989,15.231546211727817
2964,2991,17.08800749063506
2978,2990,15.033296378372908
2963,2994,28.284271247461902
2992,2993,15.0
2993,2995,15.264337522473747
2989,2999,15.0
2990,2997,15.264337522473747
2991,3022,15.0
2992,2998,16.278820596099706
2994,3021,15.556349186104045
2997,3029,28.653097563788805
3000,3001,15.0
3001,3002,15.0
3002,3003,15.0
3003,3004,15.0
3004,3005,15.0
3005,3006,15.0
3006,3007,15.0
3007,3008,15.0
3008,3009,15.0
3009,3010,15.0
3010,3011,15.0
3011,3012,15.0
3012,3013,14.0
3013,3014,26.0
3014,3015,15.0
3015,3016,15.0
3016,3017,15.0
3017,3018,15.0
3018,3019,15.0
3019,3020,15.0
3020,3025,15.297058540778355
3023,3024,15.0
2995,3027,15.0
2997,3026,15.811388300841896
2996,3030,15.033296378372908
3021,3028,14.866068747318506
2998,3032,15.297058540778355
2999,3033,15.0
3013,3031,13.038404810405298
3003,3034,19.209372712298546
3022,3035,15.0
3023,3036,15.231546211727817
3025,3041,15.0
3028,3038,10.0
3032,3037,15.297058540778355
3027,3037,28.635642126552707
3027,3047,15.132745950421556
3031,3042,10.0
3028,3044,14.035668847618199
3028,3045,19.79898987322333
3039,3043,15.652475842498529
3039,3040,15.0
3029,3048,15.524174696260024
3030,3051,15.524174696260024
3032,3046,15.620499351813308
3033,3052,15.0
3034,3049,16.278820596099706
3040,3050,15.620499351813308
3036,3054,15.0
3041,3053,12.041594578792296
3038,3056,24.041630560342615
3035,3058,23.0
3042,3055,10.0
3044,3057,10.0
3050,3059,15.556349186104045
3046,3061,15.0
3047,3062,15.297058540778355
3045,3065,24.041630560342615
3048,3064,15.0
3052,3066,15.0
3051,3063,16.1245154965971
3054,3069,15.0
3049,3071,25.0
3056,3068,15.556349186104045
3059,3060,15.132745950421556
3060,3063,15.033296378372908
3055,3072,19.0
3057,3087,18.0
3058,3073,14.0
3065,3088,15.556349186104045
3063,3089,15.0
3064,3090,15.264337522473747
3061,3095,15.132745950421556
3062,3096,15.132745950421556
3064,3094,16.1245154965971
3067,3092,11.180339887498949
3068,3098,15.033296378372908
3069,3097,15.652475842498529
3066,3091,15.556349186104045
3071,3074,21.02379604162864
3074,3075,10.0
3075,3076,14.0
3076,3077,10.0
3077,3078,20.0
3078,3079,15.0
3079,3080,15.0
3080,3081,11.0
3081,3082,19.0
3082,3083,15.0
3072,3083,23.021728866442675
3072,3084,22.02271554554524
3084,3085,25.0
3085,3086,15.0
3086,3099,15.264337522473747
3073,3088,20.024984394500787
3091,3092,16.0
3092,3093,15.0
3071,3093,24.186773244895647
3084,3101,10.04987562112089
3087,3102,10.0
3075,3105,12.041594578792296
3070,3095,27.294688127912362
3070,3096,27.294688127912362
3073,3107,16.0
3081,3108,16.0312195418814
3090,3100,16.55294535724685
3094,3106,15.0
3095,3109,15.132745950421556
3096,3110,15.524174696260024
3072,3124,28.861739379323623
3077,3117,25.317977802344327
3097,3111,15.811388300841896
3089,3122,26.92582403567252
3105,3115,12.36931687685298
3101,3119,17.08800749063506
3099,3128,21.0
3098,3130,22.360679774997898
3102,3120,17.08800749063506
3103,3121,16.0312195418814
3104,3126,17.11724276862369
3106,3131,15.0
3112,3113,16.0
3107,3139,18.0
3111,3136,15.556349186104045
3109,3138,15.132745950421556
3114,3123,17.26267650163207
3116,3125,15.297058540778355
3115,3118,16.1245154965971
3110,3127,15.556349186104045
3112,3127,16.1245154965971
3108,3147,22.0
3114,3143,15.264337522473747
3113,3123,17.08800749063506
3128,3129,10.0
3129,3140,15.811388300841896
3116,3149,20.518284528683193
3115,3150,15.0
3119,3145,15.556349186104045
3120,3133,16.492422502470642
3133,3134,10.0
3121,3146,11.0
3131,3135,22.02271554554524
3124,3144,10.0
3130,3137,19.235384061671343
3120,3137,19.924858845171276
3117,3154,18.0
3122,3142,18.027756377319946
3122,3141,20.615528128088304
3131,3157,15.132745950421556
3126,3146,18.867962264113206
3126,3142,15.0
3141,3156,15.0
3131,3136,25.019992006393608
3123,3160,22.80350850198276
3139,3155,10.0
3135,3156,20.615528128088304
3132,3138,25.179356624028344
3140,3158,15.556349186104045
3146,3149,20.024984394500787
3138,3159,15.0
3147,3152,15.132745950421556
3147,3151,15.033296378372908
3148,3151,15.033296378372908
3128,3167,26.0
3150,3153,22.360679774997898
3145,3161,16.0
3146,3162,16.0312195418814
3150,3166,16.0
3152,3163,15.231546211727817
3143,3170,21.95449840010015
3158,3171,15.556349186104045
3157,3176,15.0
3144,3187,30.0
3160,3174,14.212670403551895
3155,3183,22.0
3159,3180,15.0
3154,3189,25.019992006393608
3162,3164,19.026297590440446
3168,3169,15.0
3159,3165,19.313207915827967
3160,3170,21.18962010041709
3162,3179,10.0
3168,3179,16.15549442140351
3163,3182,10.0
3161,3190,15.033296378372908
3165,3177,16.15549442140351
3166,3178,16.15549442140351
3167,3193,15.0
3171,3192,15.264337522473747
3164,3196,19.697715603592208
3173,3186,16.64331697709324
3172,3195,15.297058540778355
3166,3198,18.439088914585774
3174,3197,15.811388300841896
3176,3201,15.0
3184,3185,15.0
3183,3185,10.04987562112089
3176,3186,15.652475842498529
3170,3191,17.69180601295413
3175,3200,19.849433241279208
3175,3199,17.204650534085253
3180,3204,15.0
3179,3208,18.973665961010276
3181,3205,14.035668847618199
3183,3207,14.0
3187,3206,12.0
3192,3211,15.556349186104045
3188,3212,15.652475842498529
3196,3199,15.033296378372908
3194,3218,21.213203435596427
3201,3203,22.02271554554524
3195,3215,13.0
3193,3228,16.0312195418814
3197,3216,12.0
3198,3217,12.36931687685298
3196,3230,15.0
3203,3213,15.231546211727817
3202,3219,10.44030650891055
3209,3210,15.0
3206,3210,14.035668847618199
3213,3237,15.652475842498529
3205,3227,15.264337522473747
3201,3221,15.556349186104045
3204,3240,15.524174696260024
3205,3226,18.788294228055936
3219,3220,11.0
3221,3222,15.0
3222,3223,15.0
3223,3224,15.0
3224,3225,15.0
3225,3240,21.18962010041709
3204,3226,15.264337522473747
3215,3227,23.021728866442675
3215,3216,19.0
3214,3217,18.24828759089466
3211,3229,15.652475842498529
3208,3231,15.264337522473747
3228,3229,29.017236257093817
3219,3231,11.180339887498949
3216,3232,24.186773244895647
3232,3233,15.0
3233,3234,15.0
3214,3234,12.529964086141668
3230,3236,20.024984394500787
3235,3238,15.132745950421556
3212,3242,18.027756377319946
3217,3238,12.083045973594572
3207,3241,19.924858845171276
3228,3246,15.033296378372908
3218,3247,16.0
3236,3239,13.601470508735444
3241,3243,15.033296378372908
3240,3249,15.033296378372908
3242,3244,18.027756377319946
3242,3245,12.041594578792296
3243,3245,16.0312195418814
3244,3252,15.556349186104045
3241,3256,19.924858845171276
3246,3251,10.0
3247,3252,11.180339887498949
3250,3255,19.4164878389476
3249,3258,15.0
3248,3261,22.47220505424423
3251,3259,10.0
3252,3257,17.88854381999832
3253,3256,18.973665961010276
3255,3260,10.0
3262,3263,24.0
3254,3279,16.55294535724685
3253,3293,26.1725046566048
3257,3263,15.652475842498529
3259,3283,11.0
3258,3289,15.231546211727817
3264,3265,15.0
3256,3294,21.0
3266,3280,15.033296378372908
3267,3281,21.02379604162864
3267,3268,15.0
3268,3269,15.0
3269,3288,15.231546211727817
3270,3271,15.0
3271,3272,15.0
3272,3273,15.0
3273,3274,15.0
3274,3275,15.0
3275,3276,15.0
3276,3277,15.0
3262,3277,22.02271554554524
3260,3291,10.0
3264,3290,10.0
3278,3282,13.152946437965905
3261,3292,11.0
3266,3285,17.08800749063506
3280,3286,15.811388300841896
3279,3284,15.811388300841896
3284,3285,15.0
3283,3287,10.04987562112089
3281,3287,15.811388300841896
3283,3295,11.0
3278,3303,21.095023109728988
3286,3296,16.278820596099706
3290,3299,10.0
3292,3302,14.866068747318506
3293,3294,15.033296378372908
3289,3314,24.041630560342615
3292,3297,13.892443989449804
3294,3313,12.0
3291,3297,17.4928556845359
3291,3298,15.0
3295,3300,17.26267650163207
3297,3319,10.295630140987
3298,3300,19.1049731745428
3296,3314,10.63014581273465
3304,3305,15.0
3305,3306,15.0
3306,3307,15.0
3307,3308,15.0
3308,3309,15.0
3309,3310,15.0
3310,3311,15.0
3311,3312,15.0
3312,3315,17.029386365926403
3295,3325,19.0
3315,3322,22.20360331117452
3313,3316,19.026297590440446
3317,3318,15.0
3299,3318,27.202941017470888
3301,3324,21.400934559032695
3299,3320,15.811388300841896
3316,3320,16.1245154965971
3302,3333,19.026297590440446
3318,3330,12.165525060596439
3313,3332,15.0
3319,3327,10.0
3317,3322,16.1245154965971
3321,3329,10.44030650891055
3317,3335,17.46424919657298
3303,3336,23.0
3314,3338,21.0
3325,3329,15.132745950421556
3326,3334,14.866068747318506
3323,3345,20.09975124224178
3327,3328,21.02379604162864
3324,3337,15.556349186104045
3325,3339,10.0
3327,3333,16.492422502470642
3334,3348,16.401219466856727
3332,3343,10.295630140987
3324,3353,18.681541692269406
3330,3349,13.92838827718412
3328,3347,17.69180601295413
3331,3347,17.804493814764857
3327,3354,18.0
3337,3344,15.297058540778355
3329,3356,19.0
3335,3351,10.04987562112089
3340,3343,11.180339887498949
3340,3341,15.0
3341,3342,15.0
3336,3342,14.035668847618199
3336,3344,20.223748416156685
3339,3355,11.0
3345,3346,15.0
3338,3359,15.0
3349,3350,12.0
3343,3357,10.44030650891055
3333,3365,30.0
3351,3358,15.264337522473747
3348,3362,15.033296378372908
3353,3361,13.152946437965905
3345,3364,19.026297590440446
3355,3356,15.0
3354,3360,10.0
3352,3367,19.6468827043885
3357,3363,10.198039027185569
3355,3366,14.0
3359,3368,15.0
3360,3365,17.08800749063506
3362,3370,15.132745950421556
3364,3374,15.033296378372908
3360,3376,22.0
3367,3375,15.0
3363,3377,22.825424421026653
3365,3380,20.024984394500787
3366,3372,16.97056274847714
3369,3373,11.180339887498949
3368,3379,15.0
3369,3372,17.11724276862369
3370,3373,19.1049731745428
3374,3384,15.033296378372908
3381,3383,16.15549442140351
3375,3382,10.0
3377,3385,15.556349186104045
3376,3386,14.0
3372,3415,31.38470965295043
3373,3387,23.021728866442675
3371,3390,27.0
3378,3397,22.02271554554524
3379,3389,18.0
3380,3391,21.470910553583888
3382,3388,12.0
3383,3386,24.186773244895647
3385,3388,14.212670403551895
3384,3398,12.649110640673518
3386,3391,11.40175425099138
3390,3392,14.035668847618199
3392,3393,15.0
3393,3394,26.0
3394,3395,15.0
3395,3396,15.0
3388,3396,15.132745950421556
3399,3416,15.033296378372908
3399,3400,15.0
3400,3401,15.0
3401,3402,15.0
3402,3403,15.0
3403,3404,15.0
3404,3405,15.0
3390,3405,24.08318915758459
3388,3406,17.26267650163207
3406,3407,15.0
3407,3408,15.0
3408,3409,15.0
3397,3409,10.04987562112089
3397,3410,18.027756377319946
3410,3411,17.0
3411,3412,15.0
3412,3413,15.0
3413,3414,15.0
3398,3414,19.026297590440446
3389,3417,26.30589287593181
3391,3418,11.40175425099138
3389,3422,15.524174696260024
3391,3420,15.811388300841896
3388,3426,29.0
3398,3423,16.0312195418814
3394,3425,22.20360331117452
3415,3424,16.0312195418814
3398,3419,26.40075756488817
3418,3421,24.331050121192877
3410,3428,20.024984394500787
3390,3433,31.064449134018133
3418,3429,13.0
3420,3430,15.033296378372908
3421,3427,16.1245154965971
3422,3431,15.0
3424,3434,15.524174696260024
3425,3436,15.033296378372908
3423,3437,18.0
3426,3438,21.2602916254693
3429,3440,15.0
3432,3435,15.297058540778355
3430,3441,14.035668847618199
3431,3445,15.0
3434,3439,20.223748416156685
3432,3439,20.8806130178211
3434,3442,10.295630140987
3435,3443,10.04987562112089
3436,3444,10.0
3438,3446,10.0
3437,3447,15.0
3440,3441,16.76305461424021
3440,3448,15.0
3443,3449,10.0
3444,3450,10.0
3445,3453,15.0
3442,3456,19.0
3446,3454,14.317821063276353
3441,3464,23.021728866442675
3447,3463,15.033296378372908
3449,3462,11.0
3452,3455,15.297058540778355
3451,3465,11.045361017187261
3450,3466,12.0
3448,3475,17.0
3454,3455,19.026297590440446
3456,3465,17.46424919657298
3457,3476,16.1245154965971
3458,3473,21.213203435596427
3458,3459,15.0
3459,3460,15.0
3461,3469,15.132745950421556
3454,3467,15.231546211727817
3453,3478,15.0
3460,3461,15.0
3467,3474,15.132745950421556
3468,3474,15.132745950421556
3468,3470,15.033296378372908
3470,3471,15.0
3471,3472,15.0
3472,3481,25.298221281347036
3456,3486,17.0
3462,3477,11.40175425099138
3466,3482,10.770329614269007
3477,3480,13.341664064126334
3473,3485,15.620499351813308
3464,3487,16.0
3464,3475,17.46424919657298
3465,3490,17.11724276862369
3452,3484,23.021728866442675
3461,3496,22.561028345356956
3469,3479,18.788294228055936
3454,3502,30.066592756745816
3474,3488,16.64331697709324
3474,3489,16.64331697709324
3475,3476,24.020824298928627
3470,3494,18.110770276274835
3475,3493,15.0
3482,3483,14.0
3483,3492,15.264337522473747
3463,3497,23.769728648009426
3478,3495,11.0
3482,3491,10.63014581273465
3481,3497,16.97056274847714
3482,3501,14.035668847618199
3486,3490,15.524174696260024
3486,3504,15.033296378372908
3487,3503,10.04987562112089
3498,3499,15.0
3495,3499,12.165525060596439
3485,3525,26.832815729997478
3493,3505,10.0
3494,3507,10.0
3498,3522,16.278820596099706
3500,3520,11.313708498984761
3492,3528,19.4164878389476
3497,3524,19.1049731745428
3497,3526,15.033296378372908
3495,3508,20.591260281974
3502,3523,10.0
3519,3525,15.231546211727817
3508,3509,15.0
3509,3510,10.0
3510,3511,11.0
3511,3512,15.0
3512,3513,15.0
3513,3514,15.0
3514,3515,15.0
3515,3516,10.0
3516,3517,22.0
3517,3518,15.0
3518,3519,15.0
3501,3530,15.0
3505,3527,17.88854381999832
3504,3529,10.0
3510,3531,12.041594578792296
3516,3532,12.041594578792296
3506,3523,17.72004514666935
3507,3533,14.035668847618199
3520,3527,20.8806130178211
3523,3534,11.045361017187261
3524,3536,15.556349186104045
3522,3541,15.652475842498529
3505,3537,19.72308292331602
3506,3551,25.019992006393608
3526,3538,11.0
3521,3548,20.223748416156685
3530,3544,10.0
3533,3535,10.198039027185569
3525,3552,22.360679774997898
3528,3554,19.0
3529,3546,21.213203435596427
3536,3539,15.132745950421556
3539,3540,16.0
3540,3541,15.0
3542,3543,15.0
3538,3543,10.04987562112089
3534,3555,12.041594578792296
3537,3559,18.35755975068582
3546,3553,15.297058540778355
3545,3556,17.4928556845359
3544,3556,13.038404810405298
3549,3553,15.132745950421556
3549,3550,15.0
3547,3550,17.029386365926403
3551,3555,16.278820596099706
3548,3563,15.0
3538,3566,26.0
3557,3562,15.524174696260024
3552,3561,15.811388300841896
3556,3558,21.02379604162864
3554,3558,16.76305461424021
3559,3560,10.0
3557,3560,24.020824298928627
3553,3565,18.027756377319946
3561,3564,15.033296378372908
3556,3567,15.033296378372908
3555,3568,20.024984394500787
3559,3570,22.02271554554524
3563,3575,21.0
3565,3571,13.92838827718412
3567,3572,10.0
3566,3579,15.0
3568,3578,10.770329614269007
3571,3581,22.561028345356956
3572,3573,15.0
3573,3582,18.439088914585774
3578,3590,20.615528128088304
3571,3588,10.0
3570,3580,23.53720459187964
3570,3594,12.0
3582,3584,10.04987562112089
3575,3590,10.295630140987
3569,3606,17.0
3576,3598,12.529964086141668
3577,3596,10.44030650891055
3581,3583,17.029386365926403
3585,3588,15.132745950421556
3579,3602,10.04987562112089
3574,3609,17.72004514666935
3578,3611,17.08800749063506
3591,3592,15.0
3592,3593,26.0
3593,3614,15.0
3594,3596,17.029386365926403
3585,3610,16.278820596099706
3599,3607,17.11724276862369
3607,3608,24.08318915758459
3605,3613,11.180339887498949
3601,3602,15.0
3603,3604,15.0
3591,3604,15.297058540778355
3587,3617,16.15549442140351
3603,3615,15.264337522473747
3572,3640,33.015148038438355
3598,3606,28.071337695236398
3589,3620,15.033296378372908
3596,3616,10.44030650891055
3588,3621,17.0
3601,3612,15.811388300841896
3590,3624,18.0
3606,3619,14.142135623730951
3586,3634,27.294688127912362
3597,3626,20.808652046684813
3602,3615,12.806248474865697
3591,3641,23.769728648009426
3600,3627,19.72308292331602
3595,3628,21.095023109728988
3594,3630,20.024984394500787
3606,3629,17.88854381999832
3602,3632,18.110770276274835
3608,3625,15.0
3612,3619,21.840329667841555
3609,3633,15.231546211727817
3615,3638,15.556349186104045
3614,3644,15.033296378372908
3621,3622,20.09975124224178
3623,3639,10.295630140987
3619,3643,10.0
3613,3656,25.709920264364882
3631,3635,13.038404810405298
3617,3659,21.02379604162864
3618,3661,21.213203435596427
3636,3637,15.0
3620,3657,19.0
3626,3646,10.0
3621,3649,17.0
3640,3642,16.0312195418814
3631,3642,17.26267650163207
3624,3653,15.033296378372908
3629,3647,11.180339887498949
3625,3654,15.033296378372908
3637,3647,10.0
3627,3655,14.0
3628,3660,14.0
3630,3662,13.0
3634,3658,12.0
3639,3651,10.04987562112089
3640,3652,10.04987562112089
3638,3663,16.97056274847714
3636,3677,19.1049731745428
3633,3665,15.264337522473747
3633,3654,21.633307652783937
3632,3681,20.09975124224178
3644,3680,15.033296378372908
3641,3664,15.556349186104045
3648,3651,15.033296378372908
3649,3650,10.0
3648,3650,15.033296378372908
3663,3664,15.0
3655,3665,20.024984394500787
3655,3666,10.04987562112089
3666,3678,15.297058540778355
3667,3679,17.26267650163207
3656,3667,10.04987562112089
3656,3668,12.041594578792296
3657,3668,17.029386365926403
3657,3669,16.0312195418814
3658,3669,28.0178514522438
3658,3659,18.0
3659,3670,13.038404810405298
3660,3670,15.033296378372908
3660,3671,15.033296378372908
3661,3671,21.02379604162864
3661,3662,23.0
3662,3682,11.313708498984761
3672,3682,15.652475842498529
3646,3672,16.15549442140351
3646,3673,18.027756377319946
3648,3685,13.038404810405298
3645,3692,19.026297590440446
3673,3674,15.033296378372908
3674,3675,15.0
3675,3676,15.0
3649,3676,16.278820596099706
3647,3689,14.035668847618199
3651,3686,10.0
3652,3687,10.0
3678,3679,12.0
3654,3691,14.422205101855956
3671,3705,20.615528128088304
3653,3695,17.029386365926403
3668,3693,14.0
3649,3696,18.027756377319946
3669,3700,17.029386365926403
3646,3709,29.068883707497267
3683,3688,15.033296378372908
3683,3684,15.0
3681,3684,27.018512172212592
3690,3699,14.7648230602334
3688,3689,12.041594578792296
3680,3706,15.033296378372908
3659,3715,27.018512172212592
3661,3720,29.154759474226502
3679,3710,21.095023109728988
3656,3719,29.068883707497267
3686,3701,10.0
3687,3702,10.770329614269007
3691,3703,11.313708498984761
3689,3707,13.341664064126334
3694,3702,19.235384061671343
3694,3697,24.020824298928627
3681,3717,20.024984394500787
3697,3698,15.0
3695,3698,21.02379604162864
3692,3718,15.0
3682,3725,24.0
3703,3714,13.038404810405298
3702,3716,11.313708498984761
3699,3714,15.0
3696,3726,15.0
3700,3711,14.7648230602334
3705,3713,12.529964086141668
3701,3721,10.770329614269007
3695,3733,22.360679774997898
3706,3728,15.0
3704,3715,21.18962010041709
3703,3729,24.839484696748443
3719,3722,15.033296378372908
3708,3723,14.317821063276353
3715,3723,11.40175425099138
3707,3737,17.11724276862369
3710,3734,15.0
3709,3735,18.35755975068582
3714,3739,15.033296378372908
3727,3732,19.235384061671343
3727,3734,15.652475842498529
3715,3740,15.0
3712,3726,19.313207915827967
3717,3738,14.0
3718,3746,15.524174696260024
3729,3730,15.0
3730,3731,15.0
3725,3741,10.0
3731,3747,12.806248474865697
3726,3753,15.0
3732,3747,12.041594578792296
3724,3754,20.808652046684813
3736,3751,10.0
3728,3756,15.0
3733,3755,10.0
3738,3742,21.02379604162864
3742,3743,15.0
3743,3744,15.0
3744,3745,15.0
3745,3746,15.0
3737,3748,15.811388300841896
3738,3750,24.331050121192877
3748,3749,15.0
3749,3750,15.0
3739,3752,24.515301344262525
3734,3766,15.0
3739,3768,15.033296378372908
3753,3754,14.035668847618199
3740,3769,17.0
3753,3757,19.4164878389476
3741,3773,20.024984394500787
3738,3779,25.0
3753,3774,17.0
3762,3763,15.0
3763,3764,18.0
3764,3765,16.0
3755,3765,16.15549442140351
3751,3777,19.4164878389476
3758,3772,11.661903789690601
3757,3770,15.811388300841896
3756,3778,15.0
3755,3781,21.0
3764,3776,11.045361017187261
3762,3771,13.892443989449804
3760,3785,17.46424919657298
3766,3784,15.0
3759,3788,21.95449840010015
3768,3783,15.264337522473747
3767,3789,18.788294228055936
3761,3791,21.18962010041709
3771,3793,21.400934559032695
3769,3790,15.0
3774,3775,15.033296378372908
3771,3787,10.04987562112089
3768,3800,26.40075756488817
3772,3797,15.132745950421556
3774,3792,10.0
3780,3782,15.033296378372908
3775,3804,17.69180601295413
3781,3786,14.035668847618199
3777,3786,12.083045973594572
3777,3782,19.4164878389476
3780,3794,15.231546211727817
3778,3798,12.649110640673518
3776,3806,15.0
3779,3805,13.0
3783,3807,15.556349186104045
3795,3796,15.0
3773,3825,29.0
3787,3808,10.44030650891055
3796,3809,15.652475842498529
3784,3813,15.0
3798,3799,24.0
3799,3807,15.297058540778355
3792,3811,10.0
3777,3834,29.274562336608895
3798,3812,12.206555615733702
3785,3824,21.095023109728988
3793,3810,15.811388300841896
3794,3795,15.0
3788,3820,19.0
3789,3821,19.0
3791,3814,14.0
3781,3831,24.331050121192877
3794,3815,15.652475842498529
3805,3809,21.095023109728988
3790,3822,17.0
3797,3818,14.035668847618199
3801,3819,13.038404810405298
3802,3823,13.0
3803,3833,20.615528128088304
3805,3836,16.1245154965971
3806,3839,16.0
3816,3840,15.264337522473747
3810,3839,20.615528128088304
3817,3832,15.297058540778355
3817,3837,17.72004514666935
3812,3841,15.811388300841896
3811,3843,16.0
3816,3842,18.601075237738275
3813,3840,15.620499351813308
3813,3818,17.08800749063506
3818,3819,12.0
3819,3826,16.0312195418814
3820,3826,18.027756377319946
3820,3827,10.04987562112089
3821,3827,24.020824298928627
3821,3828,10.04987562112089
3822,3828,11.045361017187261
3822,3823,19.0
3814,3823,15.297058540778355
3814,3829,21.37755832643195
3824,3829,11.045361017187261
3824,3830,12.041594578792296
3825,3830,15.033296378372908
3825,3838,15.811388300841896
3808,3849,25.0
3819,3844,10.04987562112089
3833,3838,15.132745950421556
3834,3835,17.029386365926403
3830,3846,12.041594578792296
3831,3847,15.556349186104045
3832,3848,15.556349186104045
3815,3854,23.0
3822,3852,19.235384061671343
3837,3850,15.556349186104045
3814,3861,27.65863337187866
3842,3858,19.849433241279208
3843,3845,19.026297590440446
3836,3853,15.297058540778355
3827,3859,22.20360331117452
3840,3855,15.033296378372908
3839,3847,17.0
3841,3857,13.038404810405298
3845,3856,15.556349186104045
3844,3862,15.524174696260024
3843,3851,16.55294535724685
3843,3865,17.0
3847,3867,22.20360331117452
3851,3864,15.620499351813308
3849,3863,11.180339887498949
3848,3853,16.15549442140351
3847,3887,22.47220505424423
3850,3885,15.132745950421556
3850,3857,18.973665961010276
3852,3875,14.866068747318506
3846,3877,22.02271554554524
3855,3869,11.313708498984761
3856,3886,11.40175425099138
3853,3889,15.0
3863,3866,21.02379604162864
3866,3867,15.0
3854,3890,15.297058540778355
3853,3882,24.596747752497688
3853,3881,19.4164878389476
3857,3870,17.88854381999832
3860,3868,30.265491900843113
3859,3874,15.652475842498529
3870,3871,15.0
3871,3872,15.0
3860,3872,14.317821063276353
3862,3873,15.811388300841896
3861,3876,15.231546211727817
3877,3878,15.0
3878,3879,15.0
3879,3880,15.0
3882,3883,15.0
3883,3884,15.0
3884,3885,15.0
3865,3893,15.0
3863,3891,24.698178070456937
3888,3895,23.08679276123039
3869,3892,19.72308292331602
3887,3894,15.0
3889,3896,15.0
3894,3895,15.0
3896,3897,15.0
3897,3898,12.0
3898,3899,10.770329614269007
3898,3900,18.0
3900,3901,15.0
3901,3902,15.0
3902,3903,15.0
3903,3904,15.033296378372908
